Date,Discharge (m3/s)
2001-06-07,7484.76
2001-06-08,6981.75
2001-06-09,6446.92
2001-06-10,5945.4
2001-06-11,5417.07
2001-06-12,4903.81
2001-06-13,4345.47
2001-06-14,8628.43
2001-06-15,8911.41
2001-06-16,9017.27
2001-06-17,9158.56
2001-06-18,9283.25
2001-06-19,9414.04
2001-06-20,9563.75
2001-06-21,9428.19
2001-06-22,9636.35
2001-06-23,9811.44
2001-06-24,9957.22
2001-06-25,10080.31
2001-06-26,10161.85
2001-06-27,10214.72
2001-06-28,9848.75
2001-06-29,10014.05
2001-06-30,10150.24
2001-07-01,10324.03
2001-07-02,10481.47
2001-07-03,10632.13
2001-07-04,10826.26
2001-07-05,9775.22
2001-07-06,9899.11
2001-07-07,10057.7
2001-07-08,10190.4
2001-07-09,10319.59
2001-07-10,10426.35
2001-07-11,10520.27
2001-07-12,9730.4
2001-07-13,9889.82
2001-07-14,10061.45
2001-07-15,10235.65
2001-07-16,10393.45
2001-07-17,10585.41
2001-07-18,10770.39
2001-07-19,9573.21
2001-07-20,9791.62
2001-07-21,10044.03
2001-07-22,10317.35
2001-07-23,10557.7
2001-07-24,10762.45
2001-07-25,10941.39
2001-07-26,9912.6
2001-07-27,9952.03
2001-07-28,9962.75
2001-07-29,10065.77
2001-07-30,10358.66
2001-07-31,10917.63
2001-08-01,10823.16
2001-08-02,10999.1
2001-08-03,11174.46
2001-08-04,11302.69
2001-08-05,11470.89
2001-08-06,11530.42
2001-08-07,11571.33
2001-08-08,11430.89
2001-08-09,11430.11
2001-08-10,11398.33
2001-08-11,11378.95
2001-08-12,11337.83
2001-08-13,11228.29
2001-08-14,11140.34
2001-08-15,10826.3
2001-08-16,10701.51
2001-08-17,10604.76
2001-08-18,10583.44
2001-08-19,10536.91
2001-08-20,10531.32
2001-08-21,10468.96
2001-08-22,10385.72
2001-08-23,10321.87
2001-08-24,10254.76
2001-08-25,10231.97
2001-08-26,10304.22
2001-08-27,10354.23
2001-08-28,10372.6
2001-08-29,10612.77
2001-08-30,10439.64
2001-08-31,10335.46
2001-09-01,10281.75
2001-09-02,10224.83
2001-09-03,10129.73
2001-09-04,10681.95
2001-09-05,10634.09
2001-09-06,10570.43
2001-09-07,10535.08
2001-09-08,10458.68
2001-09-09,10394.81
2001-09-10,10330.86
2001-09-11,10263.67
2001-09-12,10186.86
2001-09-13,10170.28
2001-09-14,10112.41
2001-09-15,10048.1
2001-09-16,10060.11
2001-09-17,10021.21
2001-09-18,10760.44
2001-09-19,10787.53
2001-09-20,10755.01
2001-09-21,10675.35
2001-09-22,10579.82
2001-09-23,10474.66
2001-09-24,10369.28
2001-09-25,10404.68
2001-09-26,10378.92
2001-09-27,10353.15
2001-09-28,10365.32
2001-09-29,10351.72
2001-09-30,10348.08
2001-10-01,9995.49
2001-10-02,10054.44
2001-10-03,9979.71
2001-10-04,10038.7
2001-10-05,10100.79
2001-10-06,10200.89
2001-10-07,10262.79
2001-10-08,9883.88
2001-10-09,9977.54
2001-10-10,10020.11
2001-10-11,10129.39
2001-10-12,10175.01
2001-10-13,10239.6
2001-10-14,10285.11
2001-10-15,9970
2001-10-16,9967.73
2001-10-17,9943.15
2001-10-18,9854.71
2001-10-19,9750.11
2001-10-20,9630.19
2001-10-21,9501.61
2001-10-22,9121.16
2001-10-23,8916.51
2001-10-24,8710.89
2001-10-25,8527.32
2001-10-26,8372.67
2001-10-27,8230.69
2001-10-28,8325.42
2001-10-29,8296.13
2001-10-30,8195.25
2001-10-31,8121.7
2001-11-01,8004.72
2001-11-02,7830.54
2001-11-03,7719.4
2001-11-04,7195.19
2001-11-05,7081.1
2001-11-06,6976.91
2001-11-07,6975.37
2001-11-08,7158.38
2001-11-09,7252.15
2001-11-10,7304.97
2001-11-11,6883.87
2001-11-12,6911.93
2001-11-13,6943.37
2001-11-14,6928.5
2001-11-15,6863.2
2001-11-16,6697.19
2001-11-17,6637.19
2001-11-18,6054.49
2001-11-19,5985.99
2001-11-20,5806.05
2001-11-21,5682.23
2001-11-22,5704.59
2001-11-23,5801.69
2001-11-24,5916.22
2002-05-02,7546.12
2002-05-03,7299.77
2002-05-04,7200.71
2002-05-05,7109.32
2002-05-06,7031.36
2002-05-07,7003.13
2002-05-08,7058.43
2002-05-09,5787.63
2002-05-10,5977
2002-05-11,6207.12
2002-05-12,6396.94
2002-05-13,6512.5
2002-05-14,6589.12
2002-05-15,6764.4
2002-05-16,6162.62
2002-05-17,6331.09
2002-05-18,6494.15
2002-05-19,6647.9
2002-05-20,6882.05
2002-05-21,7161.73
2002-05-22,7381.02
2002-05-23,6473.44
2002-05-24,6728.35
2002-05-25,6943.28
2002-05-26,7259.53
2002-05-27,7548.2
2002-05-28,7813.67
2002-05-29,8059.68
2002-05-30,7111.04
2002-05-31,7270.62
2002-06-01,7455.82
2002-06-02,7590.48
2002-06-03,7703.91
2002-06-04,7810.36
2002-06-05,7898.5
2002-06-06,7023.68
2002-06-07,7182.53
2002-06-08,7435.69
2002-06-09,7696.6
2002-06-10,7903.43
2002-06-11,8064.91
2002-06-12,8197.94
2002-06-13,7392.8
2002-06-14,7944.48
2002-06-15,8466.49
2002-06-16,8984.07
2002-06-17,9516.81
2002-06-18,9960.79
2002-06-19,10440.11
2002-06-20,8495.49
2002-06-21,9009.59
2002-06-22,9495.19
2002-06-23,9932.75
2002-06-24,10315.76
2002-06-25,10671.85
2002-06-26,11016.66
2002-06-27,8803.65
2002-06-28,8037.37
2002-06-29,7219.31
2002-06-30,6331.48
2002-07-01,5372.37
2002-07-02,4244.84
2002-07-03,2819.33
2002-07-04,8721.53
2002-07-05,9106.62
2002-07-06,9482.17
2002-07-07,9845.79
2002-07-08,10299.15
2002-07-09,10690.78
2002-07-10,11058.85
2002-07-11,9074.72
2002-07-12,9565.19
2002-07-13,10030.29
2002-07-14,10474.27
2002-07-15,10925.12
2002-07-16,11340.85
2002-07-17,11748.92
2002-07-18,9152.85
2002-07-19,9657.46
2002-07-20,10144.01
2002-07-21,10651.86
2002-07-22,11227.12
2002-07-23,11770.6
2002-07-24,12292.59
2002-07-25,9387.83
2002-07-26,10007.58
2002-07-27,10585.56
2002-07-28,11138.94
2002-07-29,11671.99
2002-07-30,12179.79
2002-07-31,12671.62
2002-08-01,9561.81
2002-08-02,10783.07
2002-08-03,11901.54
2002-08-04,12933.58
2002-08-05,13912.73
2002-08-06,14839.04
2002-08-07,15718.9
2002-08-08,9551.73
2002-08-09,10082.08
2002-08-10,10554.24
2002-08-11,11031.58
2002-08-12,11506.45
2002-08-13,11992.1
2002-08-14,12439.12
2002-08-15,9411.63
2002-08-16,9831.09
2002-08-17,10227.03
2002-08-18,10627.93
2002-08-19,11032.02
2002-08-20,11431.78
2002-08-21,11842.03
2002-08-22,9264.87
2002-08-23,9687.35
2002-08-24,10064.81
2002-08-25,10452.96
2002-08-26,10805
2002-08-27,11183.64
2002-08-28,11528.43
2002-08-29,9206.4
2002-08-30,9452.86
2002-08-31,9703.15
2002-09-01,9937.51
2002-09-02,10158.37
2002-09-03,10374.28
2002-09-04,10579.24
2002-09-05,8833.86
2002-09-06,8964.68
2002-09-07,9118.49
2002-09-08,9239.56
2002-09-09,9366.33
2002-09-10,9500.33
2002-09-11,9656.34
2002-09-12,8405.77
2002-09-13,8436.19
2002-09-14,8442.73
2002-09-15,8436.43
2002-09-16,8450.32
2002-09-17,8526.23
2002-09-18,8592.61
2002-09-19,7865.63
2002-09-20,7962
2002-09-21,8068.92
2002-09-22,8201.07
2002-09-23,8328.02
2002-09-24,8506.6
2002-09-25,8651.98
2002-09-26,7796.01
2002-09-27,7875.88
2002-09-28,7970.46
2002-09-29,8058.57
2002-09-30,8179.8
2002-10-01,8329.41
2002-10-02,8511.81
2002-10-03,7805.55
2002-10-04,7899.95
2002-10-05,8076.95
2002-10-06,8234.45
2002-10-07,8369.56
2002-10-08,8490.38
2002-10-09,8591.9
2002-10-10,7877.18
2002-10-11,7784.87
2002-10-12,7703.64
2002-10-13,7584.22
2002-10-14,7457.3
2002-10-15,7331.13
2002-10-16,7223.74
2002-10-17,7160.59
2002-10-18,6976.74
2002-10-19,6840.61
2002-10-20,6717.63
2002-10-21,6577.7
2002-10-22,6460.06
2002-10-23,6349.85
2002-10-24,6568.11
2002-10-25,6476.45
2002-10-26,6373.26
2002-10-27,6255.51
2002-10-28,6092.24
2002-10-29,5920.2
2002-10-30,5742.32
2002-10-31,5864.09
2002-11-01,5760.74
2002-11-02,5680.36
2002-11-03,5682.16
2002-11-04,5744.14
2002-11-05,5798.5
2002-11-06,5773.95
2002-11-07,6050.9
2002-11-08,5863.68
2002-11-09,5697.2
2002-11-10,5533.63
2002-11-11,5341.38
2002-11-12,5081.44
2002-11-13,5707.05
2002-11-14,5823.48
2002-11-15,5560.4
2002-11-16,5379.54
2002-11-17,5289.31
2002-11-18,5211.51
2002-11-19,5191.12
2002-11-20,5153.5
2002-11-21,5583.26
2002-11-22,5406.74
2002-11-23,5293.53
2002-11-24,5167.71
2002-11-25,4999.54
2002-11-26,4747.12
2002-11-27,4654.06
2003-03-06,3278.51
2003-03-07,3282.6
2003-03-08,3146.27
2003-03-09,3103.38
2003-03-10,2944.43
2003-03-11,2831.41
2003-03-12,2767.75
2003-03-13,2545.81
2003-03-14,2575.29
2003-03-15,2688.27
2003-03-16,2944.48
2003-03-17,3108.52
2003-03-18,3241.1
2003-03-19,3472.8
2003-03-20,3607.05
2003-03-21,3636.82
2003-03-22,3624.04
2003-03-23,3578.39
2003-03-24,3532.08
2003-03-25,3296.01
2003-03-26,3299.23
2003-03-27,3002.8
2003-03-28,3040.33
2003-03-29,2957.63
2003-03-30,3011.07
2003-03-31,3284.59
2003-04-01,3723.27
2003-04-02,3884.61
2003-04-03,3904.3
2003-04-04,4024.97
2003-04-05,3978.86
2003-04-06,3828.24
2003-04-07,3683.38
2003-04-08,3484.25
2003-04-09,3420.67
2003-04-10,3242.19
2003-04-11,3096.21
2003-04-12,3180.7
2003-04-13,3383.91
2003-04-14,3538.36
2003-04-15,3663.51
2003-04-16,3814.78
2003-04-17,4132.74
2003-04-18,4432.28
2003-04-19,4614.75
2003-04-20,4579.49
2003-04-21,4614.72
2003-04-22,4523.04
2003-04-23,4235.67
2003-04-24,4026.46
2003-04-25,3988.31
2003-04-26,3821.81
2003-04-27,3801.8
2003-04-28,3905.88
2003-04-29,3974.16
2003-04-30,4025.55
2003-05-01,4069.96
2003-05-02,4206.85
2003-05-03,4606.97
2003-05-04,4752.78
2003-05-05,4894.54
2003-05-06,4922.55
2003-05-07,4780.33
2003-05-08,4618.24
2003-05-09,4432.88
2003-05-10,4230.11
2003-05-11,4184.54
2003-05-12,4213.2
2003-05-13,4360.93
2003-05-14,4682.68
2003-05-15,5003.63
2003-05-16,5246.95
2003-05-17,5405.75
2003-05-18,5504.59
2003-05-19,5396.06
2003-05-20,5221.68
2003-05-21,5249.38
2003-05-22,5071.1
2003-05-23,5086.46
2003-05-24,4888.3
2003-05-25,4891.12
2003-05-26,4909.74
2003-05-27,4975.44
2003-05-28,5044.13
2003-05-29,5118.9
2003-05-30,5134.2
2003-05-31,5102.59
2003-06-01,5074.15
2003-06-02,5073.8
2003-06-03,5104.78
2003-06-04,5007.33
2003-06-05,5493.6
2003-06-06,5440.69
2003-06-07,5674.72
2003-06-08,5585.14
2003-06-09,5424.17
2003-06-10,5420.71
2003-06-11,5426.54
2003-06-12,6438.81
2003-06-13,6391.93
2003-06-14,6387.17
2003-06-15,6376.36
2003-06-16,6350.47
2003-06-17,6288.32
2003-06-18,6271.44
2003-06-19,7414.73
2003-06-20,7614.92
2003-06-21,7776.38
2003-06-22,8018.63
2003-06-23,8152.67
2003-06-24,8225.64
2003-06-25,8232.04
2003-06-26,8234.14
2003-06-27,8268.71
2003-06-28,8504.96
2003-06-29,8806.04
2003-06-30,9000.05
2003-07-01,9284.17
2003-07-02,9496.34
2003-07-03,9865.79
2003-07-04,10085.09
2003-07-05,10292.46
2003-07-06,10440.77
2003-07-07,10555.43
2003-07-08,10647.72
2003-07-09,10753.71
2003-07-10,10176.57
2003-07-11,10557.22
2003-07-12,10974.26
2003-07-13,11465.42
2003-07-14,11980.36
2003-07-15,12440.36
2003-07-16,12865.35
2003-07-17,10768.63
2003-07-18,11075.36
2003-07-19,11309.38
2003-07-20,11545.34
2003-07-21,11788.68
2003-07-22,12090.96
2003-07-23,12354.14
2003-07-24,10599.63
2003-07-25,10742.61
2003-07-26,10899.08
2003-07-27,11049.67
2003-07-28,11208.17
2003-07-29,11347.11
2003-07-30,11559.65
2003-07-31,10190.53
2003-08-01,10370.98
2003-08-02,10475.9
2003-08-03,10588.98
2003-08-04,10726.79
2003-08-05,10836.67
2003-08-06,10938.09
2003-08-07,9905.08
2003-08-08,9991.94
2003-08-09,10092.66
2003-08-10,10148.52
2003-08-11,10223.87
2003-08-12,10307.5
2003-08-13,10468.89
2003-08-14,9660.53
2003-08-15,9688.07
2003-08-16,9780.29
2003-08-17,9804.96
2003-08-18,9885.78
2003-08-19,9977.69
2003-08-20,10066.66
2003-08-21,9426.28
2003-08-22,9487.38
2003-08-23,9582.27
2003-08-24,9685.46
2003-08-25,9808.13
2003-08-26,9919.33
2003-08-27,9999.53
2003-08-28,9397.99
2003-08-29,9460.83
2003-08-30,9515.13
2003-08-31,9601.03
2003-09-01,9607.27
2003-09-02,9624.83
2003-09-03,9301.71
2003-09-04,9286.71
2003-09-05,9314.23
2003-09-06,9273.72
2003-09-07,9275.73
2003-09-08,9297.59
2003-09-09,9327.93
2003-09-10,9162.66
2003-09-11,9210.78
2003-09-12,9324.05
2003-09-13,9397.49
2003-09-14,9442.58
2003-09-15,9538.46
2003-09-16,9563.69
2003-09-17,9222.3
2003-09-18,9222.76
2003-09-19,9234.58
2003-09-20,9263.41
2003-09-21,9278.05
2003-09-22,9292.69
2003-09-23,9307.33
2003-09-24,9205.27
2003-09-25,9182.54
2003-09-26,9148.45
2003-09-27,9111.48
2003-09-28,9094.41
2003-09-29,9037.49
2003-09-30,8943.42
2003-10-01,9102.96
2003-10-02,8933.77
2003-10-03,8722.23
2003-10-04,8494.91
2003-10-05,8278.13
2003-10-06,8048.8
2003-10-07,7899.99
2003-10-08,8846.38
2003-10-09,8531.37
2003-10-10,8353.11
2003-10-11,8153.93
2003-10-12,7948.16
2003-10-13,7723.97
2003-10-14,7466.39
2003-10-15,8743.4
2003-10-16,8422.63
2003-10-17,8096.94
2003-10-18,7745.72
2003-10-19,7394.81
2003-10-20,7002.55
2003-10-21,6663.58
2003-10-22,8141.52
2003-10-23,7779.19
2003-10-24,7452.3
2003-10-25,7143.75
2003-10-26,6824.05
2003-10-27,6468.79
2003-10-28,6089.04
2003-10-29,6389.04
2004-04-01,3969.29
2004-04-02,4073.33
2004-04-03,4179.74
2004-04-04,4317.62
2004-04-05,4459.95
2004-04-06,4517.32
2004-04-07,4535.24
2004-04-08,4429.67
2004-04-09,4362.66
2004-04-10,4345.88
2004-04-11,4360.9
2004-04-12,4301.56
2004-04-13,4271.39
2004-04-14,4400.53
2004-04-15,4686.81
2004-04-16,4752.43
2004-04-17,4812.62
2004-04-18,4947.65
2004-04-19,5007.37
2004-04-20,4992.53
2004-04-21,4856.36
2004-04-22,5028.4
2004-04-23,5015.18
2004-04-24,5055.87
2004-04-25,4973.29
2004-04-26,4890.4
2004-04-27,4799.42
2004-04-28,4728.87
2004-04-29,4767.56
2004-04-30,4803.39
2004-05-01,4870.2
2004-05-02,4962.58
2004-05-03,5057.16
2004-05-04,5130.91
2004-05-05,5201.86
2004-05-06,5280.23
2004-05-07,5338.07
2004-05-08,5312.22
2004-05-09,5253.3
2004-05-10,5209.51
2004-05-11,5155.45
2004-05-12,5080.79
2004-05-13,5039.27
2004-05-14,5064.41
2004-05-15,5107.45
2004-05-16,5142.73
2004-05-17,5183.07
2004-05-18,5360.38
2004-05-19,5629.28
2004-05-20,5771.16
2004-05-21,5971.62
2004-05-22,6082.07
2004-05-23,6221.59
2004-05-24,6223.56
2004-05-25,6220.62
2004-05-26,6207.9
2004-05-27,6168.18
2004-05-28,6140.69
2004-05-29,6123
2004-05-30,6122.52
2004-05-31,6153.97
2004-06-01,6178.02
2004-06-02,6211.86
2004-06-03,6384.58
2004-06-04,6463.21
2004-06-05,6485.87
2004-06-06,6445.39
2004-06-07,6443.76
2004-06-08,6410.52
2004-06-09,6360.19
2004-06-10,6309
2004-06-11,6240.94
2004-06-12,6160.45
2004-06-13,6187.81
2004-06-14,6261.69
2004-06-15,6244.95
2004-06-16,6189
2004-06-17,6208.72
2004-06-18,6309.05
2004-06-19,6426.05
2004-06-20,6557.1
2004-06-21,6774.23
2004-06-22,7004.14
2004-06-23,7230.01
2004-06-24,7073.02
2004-06-25,7298.04
2004-06-26,7516.84
2004-06-27,7652.45
2004-06-28,7761.89
2004-06-29,7861.69
2004-06-30,7944.96
2004-07-01,8062.76
2004-07-02,8147.88
2004-07-03,8228.21
2004-07-04,8276.19
2004-07-05,8280.46
2004-07-06,8307.7
2004-07-07,8502.1
2004-07-08,8611.33
2004-07-09,8670.2
2004-07-10,8840.16
2004-07-11,9058.98
2004-07-12,9267.71
2004-07-13,9450.84
2004-07-14,9588.71
2004-07-15,9679.52
2004-07-16,9790.09
2004-07-17,9834.05
2004-07-18,9889.02
2004-07-19,10076.06
2004-07-20,10457.17
2004-07-21,10718.1
2004-07-22,10882.51
2004-07-23,10955.71
2004-07-24,11022.32
2004-07-25,11041.43
2004-07-26,11047.59
2004-07-27,11049.43
2004-07-28,11036.18
2004-07-29,11029.4
2004-07-30,10968.65
2004-07-31,10933.77
2004-08-01,10903.19
2004-08-02,10866.1
2004-08-03,10835.48
2004-08-04,10802.67
2004-08-05,10696.05
2004-08-06,10652.28
2004-08-07,9639.59
2004-08-08,9629.34
2004-08-09,9632.43
2004-08-10,9602.17
2004-08-11,9596.36
2004-08-12,9590.56
2004-08-13,9535.76
2004-08-14,9001.39
2004-08-15,8941.13
2004-08-16,8896.63
2004-08-17,8847.55
2004-08-18,8802.94
2004-08-19,8769.63
2004-08-20,8745.38
2004-08-21,8517.82
2004-08-22,8481.76
2004-08-23,8425.07
2004-08-24,8372.88
2004-08-25,8327.51
2004-08-26,8364.74
2004-08-27,8344.6
2004-08-28,8205.86
2004-08-29,8216.68
2004-08-30,8278.1
2004-08-31,8284.3
2004-09-01,8315.76
2004-09-02,8258.8
2004-09-03,8216.58
2004-09-04,8206.56
2004-09-05,8095.03
2004-09-06,8045.68
2004-09-07,7975.41
2004-09-08,7870.13
2004-09-09,8224.28
2004-09-10,8282.45
2004-09-11,8310.67
2004-09-12,8366.41
2004-09-13,8636.73
2004-09-14,8696.54
2004-09-15,8688.09
2004-09-16,8549.78
2004-09-17,8497.5
2004-09-18,8392.46
2004-09-19,8275.64
2004-09-20,8160.75
2004-09-21,8029.31
2004-09-22,7881.13
2004-09-23,8108.99
2004-09-24,7943.45
2004-09-25,7847.01
2004-09-26,7705.93
2004-09-27,7576.04
2004-09-28,7419.73
2004-09-29,7227.17
2004-09-30,7644.09
2004-10-01,7648.41
2004-10-02,7577.77
2004-10-03,7492.88
2004-10-04,7403.08
2004-10-05,7289.39
2004-10-06,7215.62
2004-10-07,7451.69
2004-10-08,7571.43
2004-10-09,7839.95
2004-10-10,8074.14
2004-10-11,8219.44
2004-10-12,8295.29
2004-10-13,8405.37
2004-10-14,8168.99
2004-10-15,8203.01
2004-10-16,8230.09
2004-10-17,8201.91
2004-10-18,8171.4
2004-10-19,8131.64
2004-10-20,8061.78
2004-10-21,7774.89
2004-10-22,7671.52
2004-10-23,7553.78
2004-10-24,7447.39
2004-10-25,7328.86
2004-10-26,7212.27
2004-10-27,7069.09
2004-10-28,6886.81
2004-10-29,6630.03
2004-10-30,6363.71
2004-10-31,6057.93
2004-11-01,5711.33
2004-11-02,5354.87
2004-11-03,4988.03
2004-11-04,5468.41
2004-11-05,5163.46
2004-11-06,4875.19
2004-11-07,4682.45
2004-11-08,4503.72
2004-11-09,4387.01
2004-11-10,4647.72
2004-11-11,4620.96
2004-11-12,4602.04
2004-11-13,4498.96
2004-11-14,4513.96
2004-11-15,4486.88
2004-11-16,4488.73
2004-11-17,4406.08
2004-11-18,4224.5
2004-11-19,4098.9
2004-11-20,4023.5
2004-11-21,3874.79
2004-11-22,3821.23
2004-11-23,3747.46
2004-11-24,3761.33
2005-05-05,3873.46
2005-05-06,3927.76
2005-05-07,4225.75
2005-05-08,4173.83
2005-05-09,4328.77
2005-05-10,4366.36
2005-05-11,4376.37
2005-05-12,4255.52
2005-05-13,4265.67
2005-05-14,4165.76
2005-05-15,4096.88
2005-05-16,4062.42
2005-05-17,4004.16
2005-05-18,3904.72
2005-05-19,3905.84
2005-05-20,4135.95
2005-05-21,4398.95
2005-05-22,4677.12
2005-05-23,4911.93
2005-05-24,5049.59
2005-05-25,5247.62
2005-05-26,5288.54
2005-05-27,5403.62
2005-05-28,5487.02
2005-05-29,5623.92
2005-05-30,5689.9
2005-05-31,5748.82
2005-06-01,5854.27
2005-06-02,5292.04
2005-06-03,5400.45
2005-06-04,5612.15
2005-06-05,5796.2
2005-06-06,5930.8
2005-06-07,6123.18
2005-06-08,6255.01
2005-06-09,5814.26
2005-06-10,5980.77
2005-06-11,6068.8
2005-06-12,6095.9
2005-06-13,6166.12
2005-06-14,6254.45
2005-06-15,6260.02
2005-06-16,5561.32
2005-06-17,5560.91
2005-06-18,5706.38
2005-06-19,5834.44
2005-06-20,6012.98
2005-06-21,6148.99
2005-06-22,6364.7
2005-06-23,6054.22
2005-06-24,6245.67
2005-06-25,6600.52
2005-06-26,6906.6
2005-06-27,7177.7
2005-06-28,7424.25
2005-06-29,7546.48
2005-06-30,7747.63
2005-07-01,7801.35
2005-07-02,7932.83
2005-07-03,7979.28
2005-07-04,8170.52
2005-07-05,8354.81
2005-07-06,8446.28
2005-07-07,7884.38
2005-07-08,7965.54
2005-07-09,8054.21
2005-07-10,8165.27
2005-07-11,8302.58
2005-07-12,8563.28
2005-07-13,8750
2005-07-14,8359.6
2005-07-15,8652.04
2005-07-16,8874.34
2005-07-17,9089.78
2005-07-18,9332.2
2005-07-19,9560.22
2005-07-20,9895.16
2005-07-21,9890.84
2005-07-22,10025.71
2005-07-23,10210.34
2005-07-24,10303.71
2005-07-25,10454.51
2005-07-26,10529.01
2005-07-27,10572.95
2005-07-28,10443.32
2005-07-29,10528.21
2005-07-30,10540.46
2005-07-31,10529.75
2005-08-01,10476.97
2005-08-02,10462.45
2005-08-03,10482.34
2005-08-04,10399.02
2005-08-05,10323.42
2005-08-06,10354.72
2005-08-07,10431.89
2005-08-08,10539.73
2005-08-09,9383.42
2005-08-10,9893.12
2005-08-11,9387.2
2005-08-12,9499.91
2005-08-13,9590.06
2005-08-14,9672.74
2005-08-15,9672.11
2005-08-16,9773.83
2005-08-17,9833.91
2005-08-18,9341.91
2005-08-19,9500.22
2005-08-20,9662.62
2005-08-21,9825.34
2005-08-22,10030.21
2005-08-23,10250.83
2005-08-24,10510.23
2005-08-25,9670.83
2005-08-26,9800.86
2005-08-27,9972.9
2005-08-28,10137.66
2005-08-29,10295.11
2005-08-30,10437.54
2005-08-31,10584.02
2005-09-01,10665.59
2005-09-02,10735.72
2005-09-03,9982.04
2005-09-04,9954.56
2005-09-05,9900.49
2005-09-06,9876.83
2005-09-07,9811.43
2005-09-08,9636.74
2005-09-09,9487.89
2005-09-10,9267.63
2005-09-11,9089.34
2005-09-12,8918.97
2005-09-13,8689.08
2005-09-14,8583.2
2005-09-15,9142.18
2005-09-16,8816.04
2005-09-17,8457.71
2005-09-18,8123.41
2005-09-19,7798.08
2005-09-20,7547.89
2005-09-21,7298.65
2005-09-22,8177.29
2005-09-23,7939.2
2005-09-24,7735.16
2005-09-25,7513.34
2005-09-26,7369.31
2005-09-27,7214.63
2005-09-28,7049.36
2005-09-29,6906.4
2005-09-30,6741.98
2005-10-01,6843.12
2005-10-02,6893.41
2005-10-03,6889.07
2005-10-04,6830.13
2005-10-05,6778.52
2005-10-06,7888.08
2005-10-07,7651.81
2005-10-08,7438.41
2005-10-09,7185.46
2005-10-10,6897.09
2005-10-11,6577.49
2005-10-12,6227.27
2005-10-13,7357.43
2005-10-14,7062.25
2005-10-15,6757.63
2005-10-16,6454.55
2005-10-17,6217.88
2005-10-18,6003.75
2005-10-19,5776.23
2005-10-20,6475.61
2005-10-21,6281.87
2005-10-22,6063.68
2005-10-23,5928.62
2005-10-24,5801.09
2005-10-25,5606.25
2005-10-26,5408.65
2005-10-27,6248.25
2005-10-28,6098.71
2005-10-29,6006.93
2005-10-30,5872.38
2005-10-31,5727.49
2005-11-01,5600.8
2005-11-02,5403.57
2005-11-03,6266.28
2005-11-04,6041
2005-11-05,5884.57
2005-11-06,5696.56
2005-11-07,5477.34
2005-11-08,5192.13
2005-11-09,4989.29
2005-11-10,5126.31
2005-11-11,4910.47
2005-11-12,4688.77
2005-11-13,4537.63
2005-11-14,4536.11
2005-11-15,4406.32
2005-11-16,4325.24
2005-11-17,4772.37
2005-11-18,4752.59
2005-11-19,4572.59
2005-11-20,4379.64
2005-11-21,4149.91
2005-11-22,4031.04
2005-11-23,3847.8
2005-11-24,3622.45
2005-11-25,3553.27
2005-11-26,3527.89
2005-11-27,3491.84
2005-11-28,3510.05
2005-11-29,3590.1
2005-11-30,3681.28
2005-12-01,3809.84
2005-12-02,3864.87
2005-12-03,3916.3
2005-12-04,3864.63
2005-12-05,3721.08
2005-12-06,3629.91
2005-12-07,3398.26
2005-12-08,3358.58
2005-12-09,3372.64
2005-12-10,3282.71
2005-12-11,3243.36
2005-12-12,3154.24
2005-12-13,3037.24
2005-12-14,2994.7
2005-12-15,2938.32
2005-12-16,3080.82
2005-12-17,3158.53
2005-12-18,2984.73
2005-12-19,2948.04
2005-12-20,2825.07
2005-12-21,2733.48
2005-12-22,2680.84
2005-12-23,2703.79
2005-12-24,2835.79
2005-12-25,2871.22
2005-12-26,2773.01
2005-12-27,2661.73
2005-12-28,2707.06
2005-12-29,2707.36
2005-12-30,2777.1
2005-12-31,2843.52
2006-01-01,2913.71
2006-01-02,3005.58
2006-01-03,3033.55
2006-01-04,3030.2
2006-01-05,2951.97
2006-01-06,2808.36
2006-01-07,2644.4
2006-01-08,2589.03
2006-01-09,2390.64
2006-01-10,2250.19
2006-01-11,2189.33
2006-01-12,2206.12
2006-01-13,2159.05
2006-01-14,2337.97
2006-01-15,2283.46
2006-01-16,2430.65
2006-01-17,2471.73
2006-01-18,2427.85
2006-01-19,2417.98
2006-01-20,2338.68
2006-01-21,2246.76
2006-01-22,2135.49
2006-01-23,2011.42
2006-01-24,1866.3
2006-01-25,1777.97
2006-01-26,1529.59
2006-01-27,1677.43
2006-01-28,1844.74
2006-01-29,2100.73
2006-01-30,2308.57
2006-01-31,2424.69
2006-02-01,2402.96
2006-02-02,2589.51
2006-02-03,2623.87
2006-02-04,2540.57
2006-02-05,2478.3
2006-02-06,2478.3
2006-02-07,2034.83
2006-02-08,1964.9
2006-02-09,1911.87
2006-02-10,1931.63
2006-02-11,1955.38
2006-02-12,1935.6
2006-02-13,1989.3
2006-02-14,2126.71
2006-02-15,2337.56
2006-02-16,2510.38
2006-02-17,2623.64
2006-02-18,2647.97
2006-02-19,2550.96
2006-02-20,2400.05
2006-02-21,2338.63
2006-02-22,2294.59
2006-02-23,2209.82
2006-02-24,2104.93
2006-02-25,2166.31
2006-02-26,2163.1
2006-02-27,2379.88
2006-02-28,2585.15
2006-03-01,2818.95
2006-03-02,2938.83
2006-03-03,2917.68
2006-03-04,2710.93
2006-03-05,2457.99
2006-03-06,2437.86
2006-03-07,2383.11
2006-03-08,2301.52
2006-03-09,1884.69
2006-03-10,2001.8
2006-03-11,1909.45
2006-03-12,1796.7
2006-03-13,2091.72
2006-03-14,2171.9
2006-03-15,2255.55
2006-03-16,2205.36
2006-03-17,2202.07
2006-03-18,2209.79
2006-03-19,2091.41
2006-03-20,1981.64
2006-03-21,2035.82
2006-03-22,2052.15
2006-03-23,2083.1
2006-03-24,2045.52
2006-03-25,2005.13
2006-03-26,2059.54
2006-03-27,2095.84
2006-03-28,2376.87
2006-03-29,2492.89
2006-03-30,2672.24
2006-03-31,2755.88
2006-04-01,2812.93
2006-04-02,2862.73
2006-04-03,2836.5
2006-04-04,2818.98
2006-04-05,2916.06
2006-04-06,2698.86
2006-04-07,2532.64
2006-04-08,2644.88
2006-04-09,2515.66
2006-04-10,2671.75
2006-04-11,2855.72
2006-04-12,3147.8
2006-04-13,3342.18
2006-04-14,3523.12
2006-04-15,3577.72
2006-04-16,3650.85
2006-04-17,3586.44
2006-04-18,3531.97
2006-04-19,3261.47
2006-04-20,3083.54
2006-04-21,2994.63
2006-04-22,2923.9
2006-04-23,2950.41
2006-04-24,3047.74
2006-04-25,3119.9
2006-04-26,3309.62
2006-04-27,3527.75
2006-04-28,3608.82
2006-04-29,3817.32
2006-04-30,3860.34
2006-05-01,3941.62
2006-05-02,3890.32
2006-05-03,3455.79
2006-05-04,3232.66
2006-05-05,3008.5
2006-05-06,2906.23
2006-05-07,2871.08
2006-05-08,2864
2006-05-09,3065.57
2006-05-10,3225.62
2006-05-11,3542.73
2006-05-12,3765.1
2006-05-13,4000.49
2006-05-14,4130.23
2006-05-15,4185.85
2006-05-16,4238.08
2006-05-17,4324
2006-05-18,4174.75
2006-05-19,3937.93
2006-05-20,3838.64
2006-05-21,3805.42
2006-05-22,3794.44
2006-05-23,3768.87
2006-05-24,3779.85
2006-05-25,3842.28
2006-05-26,3919.58
2006-05-27,4583.43
2006-05-28,4963.62
2006-05-29,5227.83
2006-05-30,5277.96
2006-05-31,5305.02
2006-06-01,5370.66
2006-06-02,5366.78
2006-06-03,5428.71
2006-06-04,5545.16
2006-06-05,5920.29
2006-06-06,6473.82
2006-06-07,6893.89
2006-06-08,7289.41
2006-06-09,7516.91
2006-06-10,7729.16
2006-06-11,7860.21
2006-06-12,7979.28
2006-06-13,8230.63
2006-06-14,8483.13
2006-06-15,8791.03
2006-06-16,9012.57
2006-06-17,9226.53
2006-06-18,9302.23
2006-06-19,9428.61
2006-06-20,9466.57
2006-06-21,9415.95
2006-06-22,9479.23
2006-06-23,9479.23
2006-06-24,9475.01
2006-06-25,9432.82
2006-06-26,9335.9
2006-06-27,9276.98
2006-06-28,9272.77
2006-06-29,9213.92
2006-06-30,9197.11
2006-07-01,9176.11
2006-07-02,9192.91
2006-07-03,9167.71
2006-07-04,9067.03
2006-07-05,8962.32
2006-07-06,8842.53
2006-07-07,8923.4
2006-07-08,9032
2006-07-09,9122.52
2006-07-10,9185.54
2006-07-11,9262.6
2006-07-12,8879.89
2006-07-13,9032.27
2006-07-14,9203.79
2006-07-15,9348.32
2006-07-16,9442.23
2006-07-17,9489.76
2006-07-18,9495.41
2006-07-19,9040.49
2006-07-20,9001.41
2006-07-21,8966.95
2006-07-22,8900.46
2006-07-23,8811.25
2006-07-24,8754.17
2006-07-25,8774.7
2006-07-26,8898.2
2006-07-27,8946.78
2006-07-28,8954.12
2006-07-29,8966.04
2006-07-30,8945.85
2006-07-31,8957.78
2006-08-01,8910.1
2006-08-02,8761.07
2006-08-03,8736.47
2006-08-04,8670.92
2006-08-05,8619.12
2006-08-06,8585.53
2006-08-07,8588.26
2006-08-08,8591
2006-08-09,8611.9
2006-08-10,8560.18
2006-08-11,8585.6
2006-08-12,8592.87
2006-08-13,8563.88
2006-08-14,8485.07
2006-08-15,7857.16
2006-08-16,7689.16
2006-08-17,7577.95
2006-08-18,7484.61
2006-08-19,7409.03
2006-08-20,7359.79
2006-08-21,7384.64
2006-08-22,7475.07
2006-08-23,6834.18
2006-08-24,6898.4
2006-08-25,6949.89
2006-08-26,7014.4
2006-08-27,7165.43
2006-08-28,7330.36
2006-08-29,7544.47
2006-08-30,6928.42
2006-08-31,6928.2
2006-09-01,6893.78
2006-09-02,6872.24
2006-09-03,6876.38
2006-09-04,6863.42
2006-09-05,6846.17
2006-09-06,6646.94
2006-09-07,6439.97
2006-09-08,6469.42
2006-09-09,6444.19
2006-09-10,6494.71
2006-09-11,6524.22
2006-09-12,6638.39
2006-09-13,7186.82
2006-09-14,7169.97
2006-09-15,7179.1
2006-09-16,7301.01
2006-09-17,7358.03
2006-09-18,7345.44
2006-09-19,7367.68
2006-09-20,7808.45
2006-09-21,7998.27
2006-09-22,7997.23
2006-09-23,7914.69
2006-09-24,7693.95
2006-09-25,7453.75
2006-09-26,7275.52
2006-09-27,7108.57
2006-09-28,6907.61
2006-09-29,7487.15
2006-09-30,7150.64
2006-10-01,6750.07
2006-10-02,6330.48
2006-10-03,5979.93
2006-10-04,6859.83
2006-10-05,6834.97
2006-10-06,6712.17
2006-10-07,6564.56
2006-10-08,6485.16
2006-10-09,6305.43
2006-10-10,6062.83
2006-10-11,6247.32
2006-10-12,5785.69
2006-10-13,5684.65
2006-10-14,5446.97
2006-10-15,5156.23
2006-10-16,4916.74
2006-10-17,4576.2
2006-10-18,4540.18
2006-10-19,4509.29
2006-10-20,4463.21
2006-10-21,4485.91
2006-10-22,4436.13
2006-10-23,4397.93
2006-10-24,4329.25
2006-10-25,4263.25
2007-06-06,26926.41
2007-06-07,27084.19
2007-06-08,25069.39
2007-06-09,28533.73
2007-06-10,32205.31
2007-06-11,34898.43
2007-06-12,36026.05
2007-06-13,38163.88
2007-06-14,37917.86
2007-06-15,37821.5
2007-06-16,37672.9
2007-06-17,37711.96
2007-06-18,37618.27
2007-06-19,37444.39
2007-06-20,40274.31
2007-06-21,41694.76
2007-06-22,42794.84
2007-06-23,43712.32
2007-06-24,44451.82
2007-06-25,45098.49
2007-06-26,45705.02
2007-06-27,45788.07
2007-06-28,45663.5
2007-06-29,45476.79
2007-06-30,45062.43
2007-07-01,44710.84
2007-07-02,44153.52
2007-07-03,43535.97
2007-07-04,43393.16
2007-07-05,43577.14
2007-07-06,42858.71
2007-07-07,42367.54
2007-07-08,41571.77
2007-07-09,40393.99
2007-07-10,39666.28
2007-07-11,39686.98
2007-07-12,39767.16
2007-07-13,39565.42
2007-07-14,39646.09
2007-07-15,39726.79
2007-07-16,39545.26
2007-07-17,39424.31
2007-07-18,39706.91
2007-07-19,40576.3
2007-07-20,41347.84
2007-07-21,42715.69
2007-07-22,44215.38
2007-07-23,45228.07
2007-07-24,45808.89
2007-07-25,47958.59
2007-07-26,49894.11
2007-07-27,51738.92
2007-07-28,53725.82
2007-07-29,55317.4
2007-07-30,56441.36
2007-07-31,58244.88
2007-08-01,59446.18
2007-08-02,60344.74
2007-08-03,60828.09
2007-08-04,60960.04
2007-08-05,60751.13
2007-08-06,60213.04
2007-08-07,59765.73
2007-08-08,59314.72
2007-08-09,58811.99
2007-08-10,57939.8
2007-08-11,57113.53
2007-08-12,56289.7
2007-08-13,55468.31
2007-08-14,55209.42
2007-08-15,55705.82
2007-08-16,55468.3
2007-08-17,55144.73
2007-08-18,54649.34
2007-08-19,54197.85
2007-08-20,53554.13
2007-08-21,52847.82
2007-08-22,52122.1
2007-08-23,51611.05
2007-08-24,50973.67
2007-08-25,50274.45
2007-08-26,50337.9
2007-08-27,50041.77
2007-08-28,49640.39
2007-08-29,49534.89
2007-08-30,49366.17
2007-08-31,58809.64
2007-09-01,48839.66
2007-09-02,48482.3
2007-09-03,48167.4
2007-09-04,47957.7
2007-09-05,47894.84
2007-09-06,47538.86
2007-09-07,48272.35
2007-09-08,49619.52
2007-09-09,51504.8
2007-09-10,52890.62
2007-09-11,54068.97
2007-09-12,55080.05
2007-09-13,55662.55
2007-09-14,55986.73
2007-09-15,56636.2
2007-09-16,56571.17
2007-09-17,56484.5
2007-09-18,56289.62
2007-09-19,55813.77
2007-09-20,55468.22
2007-09-21,54800.04
2007-09-22,53961.54
2007-09-23,53639.78
2007-09-24,53232.81
2007-09-25,52527.33
2007-09-26,51866.41
2007-09-27,51122.19
2007-09-28,50676.7
2007-09-29,50168.59
2007-09-30,49197.56
2007-10-01,57738.14
2007-10-02,47308.83
2007-10-03,46286.81
2007-10-04,45352.23
2007-10-05,44318.34
2007-10-06,43474.13
2007-10-07,42694.65
2007-10-08,42060.84
2007-10-09,41754.85
2007-10-10,41551.12
2007-10-11,41245.88
2007-10-12,40961.43
2007-10-13,40596.26
2007-10-14,39968.93
2007-10-15,40738.19
2007-10-16,39807.34
2007-10-17,39323.4
2007-10-18,38840.7
2007-10-19,38218.97
2007-10-20,37419.72
2007-10-21,36504.8
2007-10-22,35732.74
2007-10-23,35062.33
2007-10-24,34512.18
2007-10-25,34042.04
2007-10-26,33534.19
2007-10-27,32969.55
2007-10-28,32213.29
2007-10-29,31172.06
2007-10-30,29870.82
2007-10-31,28562.08
2007-11-01,26984.94
2007-11-02,25407.66
2007-11-03,24415.56
2007-11-04,23558.7
2007-11-05,23123.53
2007-11-06,22798.34
2007-11-07,22384.31
2007-11-08,22241.36
2007-11-09,21972.68
2007-11-10,21722.28
2007-11-11,21151.19
2007-11-12,20460.22
2007-11-13,19862.14
2007-11-14,19249.19
2007-11-15,24797.54
2007-11-16,24343.66
2007-11-17,22420.82
2007-11-18,20760.34
2007-11-19,19984.01
2007-11-20,20143.39
2007-11-21,19617
2007-11-22,20480.75
2007-11-23,20817
2007-11-24,21194.11
2007-11-25,21224.82
2007-11-26,21063.93
2007-11-27,20744.77
2007-11-28,20091.06
2007-11-29,19215.13
2007-11-30,17419.77
2007-12-01,16450.44
2007-12-02,15576.8
2007-12-03,14945.9
2007-12-04,14546.96
2007-12-05,13794.71
2007-12-06,13910.39
2007-12-07,14172.88
2007-12-08,14189.04
2007-12-09,13895
2007-12-10,13895.99
2007-12-11,13944.95
2007-12-12,13732.64
2007-12-13,13341.42
2007-12-14,12680.57
2007-12-15,11962.13
2007-12-16,11567.2
2007-12-17,11065.71
2007-12-18,11079.84
2007-12-19,11284.03
2007-12-20,11177.38
2007-12-21,11649.25
2007-12-22,12015.19
2007-12-23,12379.33
2007-12-24,12651.12
2007-12-25,12908.39
2007-12-26,12925.14
2007-12-27,12648.84
2007-12-28,12345.41
2007-12-29,11790.87
2007-12-30,11363.53
2007-12-31,11163.53
2008-01-01,11457.48
2008-01-02,10957.44
2008-01-03,10926.91
2008-01-04,10771.1
2008-01-05,10866.53
2008-01-06,10869.49
2008-01-07,10918.02
2008-01-08,11244.59
2008-01-09,11621.39
2008-01-10,12188.82
2008-01-11,12878.3
2008-01-12,13086.07
2008-01-13,13017.43
2008-01-14,12362.59
2008-01-15,12428.76
2008-01-16,11288.61
2008-01-17,10322.62
2008-01-18,10063.36
2008-01-19,9880.25
2008-01-20,10325.52
2008-01-21,10945.87
2008-01-22,11038.65
2008-01-23,11005.24
2008-01-24,11166.16
2008-01-25,11461.04
2008-01-26,11555.44
2008-01-27,11316.59
2008-01-28,10618.99
2008-01-29,10262.53
2008-01-30,9832.6
2008-01-31,9379.15
2008-02-01,8722.22
2008-02-02,7796.89
2008-02-03,7436
2008-02-04,7121.34
2008-02-05,7531.24
2008-02-06,8228.35
2008-02-07,9010.71
2008-02-08,9807.83
2008-02-09,10251.85
2008-02-10,10744.78
2008-02-11,11098.31
2008-02-12,10770.94
2008-02-13,10062.46
2008-02-14,9108.03
2008-02-15,7615.42
2008-02-16,7605.53
2008-02-17,7678.62
2008-02-18,7841.95
2008-02-19,8214.63
2008-02-20,9096.87
2008-02-21,9581.24
2008-02-22,10389.05
2008-02-23,10994.27
2008-02-24,11164.79
2008-02-25,11208.38
2008-02-26,10600.83
2008-02-27,9787.34
2008-02-28,8764.45
2008-02-29,8202.94
2008-03-01,7722.9
2008-03-02,7324.13
2008-03-03,7395.36
2008-03-04,7759.01
2008-03-05,8330.88
2008-03-06,8749.93
2008-03-07,10086.55
2008-03-08,11225.95
2008-03-09,11718.4
2008-03-10,11810.58
2008-03-11,11758.35
2008-03-12,11606.19
2008-03-13,11647.95
2008-03-14,10913.56
2008-03-15,9776.89
2008-03-16,8698.55
2008-03-17,8501.17
2008-03-18,8877.11
2008-03-19,9736.23
2008-03-20,10588.68
2008-03-21,11178.86
2008-03-22,11664.69
2008-03-23,11899.97
2008-03-24,12026.82
2008-03-25,11789.85
2008-03-26,11740.82
2008-03-27,11724.65
2008-03-28,11741.08
2008-03-29,11441.97
2008-03-30,10726.38
2008-03-31,10478.59
2008-04-01,10432.18
2008-04-02,10216.78
2008-04-03,11461.07
2008-04-04,12346.6
2008-04-05,13115.95
2008-04-06,13813.85
2008-04-07,14633.2
2008-04-08,15063.51
2008-04-09,15127.97
2008-04-10,14598.08
2008-04-11,13730.2
2008-04-12,13049.71
2008-04-13,12459.54
2008-04-14,11790.79
2008-04-15,11775.84
2008-04-16,11742.88
2008-04-17,12330.25
2008-04-18,12845.4
2008-04-19,13520.6
2008-04-20,13600.54
2008-04-21,13616.8
2008-04-22,13454
2008-04-23,13307.71
2008-04-24,13599.93
2008-04-25,13614.64
2008-04-26,13518.62
2008-04-27,13551.66
2008-04-28,13811.75
2008-04-29,13504.34
2008-04-30,13407.19
2008-05-01,13714.27
2008-05-02,14565.29
2008-05-03,15514.02
2008-05-04,16590.99
2008-05-05,17972.13
2008-05-06,19235.28
2008-05-07,20163.57
2008-05-08,20285.75
2008-05-09,19809.57
2008-05-10,19110.35
2008-05-11,18091.71
2008-05-12,16928.68
2008-05-13,15981.67
2008-05-14,15262.31
2008-05-15,17891.34
2008-05-16,14666.98
2008-05-17,15013.47
2008-05-18,15846.17
2008-05-19,17284.78
2008-05-20,17523.48
2008-05-21,17437.77
2008-05-22,17573.97
2008-05-23,17368.05
2008-05-24,17299.64
2008-05-25,17214.6
2008-05-26,17266.64
2008-05-27,17488.67
2008-05-28,17438.18
2008-05-29,17848.23
2008-05-30,17847.55
2008-05-31,17813.25
2008-06-01,2735.63
2008-06-02,2797.43
2008-06-03,2836.65
2008-06-04,2836.65
2008-06-05,2892.36
2008-06-06,3073.58
2008-06-07,3150.47
2008-06-08,3193.9
2008-06-09,3193.9
2008-06-10,3229.01
2008-06-11,3159.12
2008-06-12,3099.03
2008-06-13,3023.22
2008-06-14,2998.3
2008-06-15,3006.59
2008-06-16,3082.05
2008-06-17,3345.4
2008-06-18,3437.36
2008-06-19,3541.02
2008-06-20,3598.67
2008-06-21,3716.41
2008-06-22,3776.5
2008-06-23,3868.2
2008-06-24,3940.83
2008-06-25,3967.23
2008-06-26,3999.06
2008-06-27,4156.76
2008-06-28,4190.77
2008-06-29,4261.56
2008-06-30,4310.87
2008-07-01,4378.7
2008-07-02,4529.69
2008-07-03,4673.01
2008-07-04,4795.38
2008-07-05,4933.16
2008-07-06,5048.4
2008-07-07,5165.93
2008-07-08,5232.23
2008-07-09,5285.8
2008-07-10,5353.42
2008-07-11,5353.42
2008-07-12,5353.42
2008-07-13,5394.34
2008-07-14,5449.33
2008-07-15,5546.7
2008-07-16,5702.74
2008-07-17,5789.42
2008-07-18,5833.18
2008-07-19,5847.83
2008-07-20,5847.83
2008-07-21,5877.23
2008-07-22,5906.75
2008-07-23,5951.27
2008-07-24,6071.4
2008-07-25,6193.6
2008-07-26,6286.63
2008-07-27,6380.85
2008-07-28,6444.33
2008-07-29,6492.3
2008-07-30,6524.45
2008-07-31,6524.45
2008-08-01,6508.36
2008-08-02,6524.45
2008-08-03,6508.36
2008-08-04,6524.45
2008-08-05,6540.57
2008-08-06,6524.45
2008-08-07,6476.28
2008-08-08,6444.33
2008-08-09,6396.67
2008-08-10,6349.31
2008-08-11,6333.59
2008-08-12,6271.04
2008-08-13,6239.96
2008-08-14,6193.6
2008-08-15,6193.6
2008-08-16,6193.6
2008-08-17,6239.96
2008-08-18,6271.04
2008-08-19,6365.06
2008-08-20,6492.3
2008-08-21,6572.92
2008-08-22,6638.04
2008-08-23,6670.81
2008-08-24,6670.81
2008-08-25,6654.41
2008-08-26,6605.41
2008-08-27,6605.41
2008-08-28,6769.93
2008-08-29,6853.5
2008-08-30,6870.32
2008-08-31,6954.95
2008-09-01,7074.92
2008-09-02,7144.27
2008-09-03,7196.67
2008-09-04,7231.78
2008-09-05,7267.04
2008-09-06,7338
2008-09-07,7409.55
2008-09-08,7427.53
2008-09-09,7427.53
2008-09-10,7373.7
2008-09-11,7320.2
2008-09-12,7249.39
2008-09-13,7144.27
2008-09-14,7074.92
2008-09-15,6954.95
2008-09-16,6853.5
2008-09-17,6769.93
2008-09-18,6654.41
2008-09-19,6524.45
2008-09-20,6396.67
2008-09-21,6239.96
2008-09-22,6086.56
2008-09-23,5981.11
2008-09-24,5803.97
2008-09-25,5674.09
2008-09-26,5574.8
2008-09-27,5463.15
2008-09-28,5353.42
2008-09-29,5258.96
2008-09-30,5205.63
2008-10-01,5113.41
2008-10-02,5087.32
2008-10-03,5009.73
2008-10-04,4945.85
2008-10-05,4907.86
2008-10-06,4870.12
2008-10-07,4770.69
2008-10-08,4709.43
2008-10-09,4685.12
2008-10-10,4636.82
2008-10-11,4553.31
2008-10-12,4471.1
2008-10-13,4401.64
2008-10-14,4333.12
2008-10-15,4276.71
2008-10-16,4198.8
2008-10-17,4132.99
2008-10-18,4035.93
2008-10-19,3930.38
2008-10-20,3827.21
2008-10-21,3706.47
2008-10-22,3589.01
2008-10-23,3465.37
2008-10-24,3354.5
2008-10-25,3291.24
2008-10-26,3372.77
2008-10-27,3686.67
2008-10-28,3706.47
2008-10-29,3618.07
2008-10-30,3560.15
2008-10-31,3484.15
2008-11-01,3428.07
2008-11-02,3372.77
2008-11-03,3336.32
2008-11-04,3300.22
2008-11-05,3282.29
2008-11-06,3229.01
2008-11-07,3150.47
2008-11-08,3065.14
2008-11-09,2990.04
2008-11-10,2973.56
2008-11-11,2990.04
2008-11-12,3014.89
2008-11-13,3031.56
2008-11-14,3048.31
2008-11-15,3048.31
2008-11-16,3048.31
2008-11-17,2990.04
2008-11-18,2876.35
2008-11-19,2766.38
2008-11-20,2675.01
2008-11-21,2593.53
2008-11-22,2550
2008-11-23,2514.2
2008-11-24,2500
2008-11-25,2500
2008-11-26,2514.2
2008-11-27,2535.62
2008-11-28,2492.92
2008-11-29,2542.8
2008-11-30,2564.44
2008-12-01,2550
2008-12-02,2550
2008-12-03,2507.09
2008-12-04,2464.8
2008-12-05,2388.85
2008-12-06,2348.28
2008-12-07,2341.57
2008-12-08,2355
2008-12-09,2355
2008-12-10,2395.67
2008-12-11,2478.83
2008-12-12,2514.2
2008-12-13,2535.62
2008-12-14,2535.62
2008-12-15,2500
2008-12-16,2471.8
2008-12-17,2416.23
2008-12-18,2368.49
2008-12-19,2314.92
2008-12-20,2262.39
2008-12-21,2230.08
2008-12-22,2191.83
2008-12-23,2147.92
2008-12-24,2135.51
2008-12-25,2129.33
2008-12-26,2160.38
2008-12-27,2179.2
2008-12-28,2160.38
2008-12-29,2166.64
2008-12-30,2166.64
2008-12-31,2154.14
2009-06-01,3513.27
2009-06-02,3502.94
2009-06-03,3472.11
2009-06-04,3482.36
2009-06-05,3523.63
2009-06-06,3565.32
2009-06-07,3618.03
2009-06-08,3639.31
2009-06-09,3714.63
2009-06-10,3747.32
2009-06-11,3703.79
2009-06-12,3703.79
2009-06-13,3692.97
2009-06-14,3660.69
2009-06-15,3618.03
2009-06-16,3554.85
2009-06-17,3461.88
2009-06-18,3451.68
2009-06-19,3513.27
2009-06-20,3575.81
2009-06-21,3682.19
2009-06-22,3835.73
2009-06-23,3891.9
2009-06-24,3994.8
2009-06-25,4076.46
2009-06-26,4159.57
2009-06-27,4159.57
2009-06-28,4135.67
2009-06-29,4076.46
2009-06-30,4111.9
2009-07-01,4159.57
2009-07-02,4183.58
2009-07-03,4494.05
2009-07-04,4810.74
2009-07-05,5204.53
2009-07-06,5533.28
2009-07-07,5799.52
2009-07-08,6027.05
2009-07-09,6143.7
2009-07-10,6245.23
2009-07-11,6279.4
2009-07-12,6296.55
2009-07-13,6245.23
2009-07-14,6211.23
2009-07-15,6194.29
2009-07-16,6143.7
2009-07-17,6043.6
2009-07-18,5944.92
2009-07-19,5879.91
2009-07-20,5815.52
2009-07-21,5751.74
2009-07-22,5688.57
2009-07-23,5610.46
2009-07-24,5517.95
2009-07-25,5411.71
2009-07-26,5336.91
2009-07-27,5263.01
2009-07-28,5366.72
2009-07-29,5351.79
2009-07-30,5381.68
2009-07-31,5381.68
2009-08-01,5457.02
2009-08-02,5564.04
2009-08-03,5672.87
2009-08-04,5735.89
2009-08-05,5879.91
2009-08-06,5994.08
2009-08-07,6093.47
2009-08-08,6194.29
2009-08-09,6245.23
2009-08-10,6262.3
2009-08-11,6245.23
2009-08-12,6245.23
2009-08-13,6228.21
2009-08-14,6262.3
2009-08-15,6296.55
2009-08-16,6400.27
2009-08-17,6540.88
2009-08-18,6756.81
2009-08-19,7035.41
2009-08-20,7246
2009-08-21,7462.05
2009-08-22,7622.66
2009-08-23,7827.65
2009-08-24,8016.2
2009-08-25,8122.65
2009-08-26,8230.33
2009-08-27,8273.74
2009-08-28,8273.74
2009-08-29,8208.69
2009-08-30,8144.09
2009-08-31,8058.64
2009-09-01,7952.92
2009-09-02,7869.21
2009-09-03,7786.27
2009-09-04,7683.66
2009-09-05,7582.23
2009-09-06,7562.08
2009-09-07,7481.96
2009-09-08,7363.16
2009-09-09,7284.87
2009-09-10,7130.46
2009-09-11,6978.9
2009-09-12,6811.75
2009-09-13,6594.29
2009-09-14,6400.27
2009-09-15,6296.55
2009-09-16,6194.29
2009-09-17,6076.81
2009-09-18,5977.65
2009-09-19,5912.33
2009-09-20,5896.1
2009-09-21,5977.65
2009-09-22,6060.18
2009-09-23,6043.6
2009-09-24,6043.6
2009-09-25,5994.08
2009-09-26,5912.33
2009-09-27,5751.74
2009-09-28,5688.57
2009-09-29,5657.21
2009-09-30,5610.46
2009-10-01,5564.04
2009-10-02,5457.02
2009-10-03,5426.77
2009-10-04,5441.88
2009-10-05,5441.88
2009-10-06,5396.67
2009-10-07,5277.71
2009-10-08,5219.09
2009-10-09,5190
2009-10-10,5175.5
2009-10-11,5146.61
2009-10-12,5117.87
2009-10-13,5060.79
2009-10-14,5060.79
2009-10-15,5089.26
2009-10-16,5146.61
2009-10-17,5190
2009-10-18,5204.53
2009-10-19,5190
2009-10-20,5103.55
2009-10-21,4976.22
2009-10-22,4824.34
2009-10-23,4650.06
2009-10-24,4481.26
2009-10-25,4280.84
2009-10-26,4100.06
2009-10-27,3914.56
2009-10-28,3780.27
2009-10-29,3682.19
2009-10-30,3618.03
2009-10-31,3596.87
2009-11-01,3628.66
2009-11-02,3628.66
2009-11-03,3596.87
2009-11-04,3575.81
2009-11-05,3544.42
2009-11-06,3461.88
2009-11-07,3321.45
2009-11-08,3205.05
2009-11-09,3082.95
2009-11-10,3009.84
2009-11-11,2947.11
2009-11-12,2938.24
2009-11-13,2982.82
2009-11-14,3046.21
2009-11-15,3082.95
2009-11-16,3082.95
2009-11-17,3037.08
2009-11-18,2991.8
2009-11-19,2920.57
2009-11-20,2842.21
2009-11-21,2774.09
2009-11-22,2774.09
2009-11-23,2757.28
2009-11-24,2723.93
2009-11-25,2658.28
2009-11-26,2642.09
2009-11-27,2715.65
2009-11-28,2748.91
2009-11-29,2799.47
2009-11-30,2850.82
2009-12-01,2929.4
2009-12-02,2982.82
2009-12-03,3027.98
2009-12-04,3037.08
2009-12-05,3046.21
2009-12-06,2964.92
2009-12-07,2868.12
2009-12-08,2774.09
2009-12-09,2666.41
2009-12-10,2666.41
2009-12-11,2625.98
2009-12-12,2625.98
2009-12-13,2617.96
2009-12-14,2625.98
2009-12-15,2594.01
2009-12-16,2578.16
2009-12-17,2594.01
2009-12-18,2570.26
2009-12-19,2546.7
2009-12-20,2484.78
2009-12-21,2446.75
2009-12-22,2416.69
2009-12-23,2394.36
2009-12-24,2364.86
2009-12-25,2313.99
2009-12-26,2278.24
2009-12-27,2264.08
2009-12-28,2285.35
2009-12-29,2285.35
2009-12-30,2350.23
2009-12-31,2363.65
2010-06-01,6001.82
2010-06-02,5991.97
2010-06-03,6001.82
2010-06-04,6011.69
2010-06-05,6011.69
2010-06-06,6011.69
2010-06-07,6041.36
2010-06-08,6051.28
2010-06-09,6051.28
2010-06-10,6051.28
2010-06-11,6081.11
2010-06-12,6131.09
2010-06-13,6211.73
2010-06-14,6293.21
2010-06-15,6344.57
2010-06-16,6354.88
2010-06-17,6427.43
2010-06-18,6469.19
2010-06-19,6458.73
2010-06-20,6458.73
2010-06-21,6458.73
2010-06-22,6479.66
2010-06-23,6532.22
2010-06-24,6595.74
2010-06-25,6649.05
2010-06-26,6691.94
2010-06-27,6713.47
2010-06-28,6778.39
2010-06-29,7031.87
2010-06-30,7201.2
2010-07-01,7258.36
2010-07-02,7327.43
2010-07-03,7350.57
2010-07-04,7338.99
2010-07-05,7327.43
2010-07-06,7281.33
2010-07-07,7246.9
2010-07-08,7178.44
2010-07-09,7133.08
2010-07-10,7087.96
2010-07-11,7054.26
2010-07-12,7110.49
2010-07-13,7167.08
2010-07-14,7224.02
2010-07-15,7258.36
2010-07-16,7258.36
2010-07-17,7246.9
2010-07-18,7189.81
2010-07-19,7167.08
2010-07-20,7155.73
2010-07-21,7121.78
2010-07-22,7110.49
2010-07-23,7087.96
2010-07-24,7121.78
2010-07-25,7133.08
2010-07-26,7133.08
2010-07-27,7144.4
2010-07-28,7133.08
2010-07-29,7099.22
2010-07-30,7110.49
2010-07-31,7110.49
2010-08-01,7110.49
2010-08-02,7110.49
2010-08-03,7099.22
2010-08-04,7065.48
2010-08-05,7020.69
2010-08-06,6965.03
2010-08-07,6942.86
2010-08-08,6909.72
2010-08-09,6854.75
2010-08-10,6800.14
2010-08-11,6767.53
2010-08-12,6789.25
2010-08-13,6756.69
2010-08-14,6735.05
2010-08-15,6702.7
2010-08-16,6638.36
2010-08-17,6595.74
2010-08-18,6553.34
2010-08-19,6563.92
2010-08-20,6574.51
2010-08-21,6617.02
2010-08-22,6627.68
2010-08-23,6724.25
2010-08-24,6811.03
2010-08-25,6898.69
2010-08-26,6998.39
2010-08-27,7054.26
2010-08-28,7076.71
2010-08-29,7121.78
2010-08-30,7155.73
2010-08-31,7155.73
2010-09-01,7167.08
2010-09-02,7167.08
2010-09-03,7178.44
2010-09-04,7144.4
2010-09-05,7133.08
2010-09-06,7133.08
2010-09-07,7144.4
2010-09-08,7155.73
2010-09-09,7155.73
2010-09-10,7155.73
2010-09-11,7201.2
2010-09-12,7235.46
2010-09-13,7246.9
2010-09-14,7269.84
2010-09-15,7269.84
2010-09-16,7304.35
2010-09-17,7327.43
2010-09-18,7327.43
2010-09-19,7304.35
2010-09-20,7292.83
2010-09-21,7281.33
2010-09-22,7292.83
2010-09-23,7269.84
2010-09-24,7281.33
2010-09-25,7292.83
2010-09-26,7327.43
2010-09-27,7304.35
2010-09-28,7327.43
2010-09-29,7304.35
2010-09-30,7258.36
2010-10-01,7189.81
2010-10-02,7133.08
2010-10-03,7043.06
2010-10-04,6965.03
2010-10-05,6909.72
2010-10-06,6832.86
2010-10-07,6843.8
2010-10-08,6965.03
2010-10-09,7054.26
2010-10-10,7020.69
2010-10-11,6965.03
2010-10-12,6898.69
2010-10-13,6832.86
2010-10-14,6745.87
2010-10-15,6649.05
2010-10-16,6595.74
2010-10-17,6521.68
2010-10-18,6427.43
2010-10-19,6334.27
2010-10-20,6242.19
2010-10-21,6151.17
2010-10-22,6101.06
2010-10-23,6021.56
2010-10-24,5942.89
2010-10-25,5855.37
2010-10-26,5759.32
2010-10-27,5655.12
2010-10-28,5515.45
2010-10-29,5360.48
2010-10-30,5217.82
2010-10-31,5078.18
2010-11-01,4958.45
2010-11-02,4849.3
2010-11-03,4783.08
2010-11-04,4733.89
2010-11-05,4717.58
2010-11-06,4717.58
2010-11-07,4709.45
2010-11-08,4701.32
2010-11-09,4668.93
2010-11-10,4588.73
2010-11-11,4501.77
2010-11-12,4408.42
2010-11-13,4331.8
2010-11-14,4263.75
2010-11-15,4159.59
2010-11-16,4137.53
2010-11-17,4050.24
2010-11-18,4122.88
2010-11-19,4137.53
2010-11-20,4189.14
2010-11-21,4211.41
2010-11-22,4203.98
2010-11-23,4189.14
2010-11-24,4181.74
2010-11-25,4174.34
2010-11-26,4144.88
2010-11-27,4093.7
2010-11-28,4043.04
2010-11-29,4014.31
2010-11-30,3964.42
2010-12-01,3922.06
2010-12-02,3908.02
2010-12-03,3901.01
2010-12-04,3943.19
2010-12-05,3985.74
2010-12-06,4007.15
2010-12-07,4000
2010-12-08,4007.15
2010-12-09,4028.65
2010-12-10,4050.24
2010-12-11,4064.69
2010-12-12,4007.15
2010-12-13,3964.42
2010-12-14,3922.06
2010-12-15,3797.12
2010-12-16,3702.15
2010-12-17,3722.34
2010-12-18,3742.61
2010-12-19,3776.6
2010-12-20,3735.84
2010-12-21,3762.98
2010-12-22,3790.27
2010-12-23,3831.5
2010-12-24,3894.01
2010-12-25,3915.03
2010-12-26,3894.01
2010-12-27,3831.5
2010-12-28,3783.43
2010-12-29,3722.34
2010-12-30,3715.6
2010-12-31,3682.04
2011-06-01,4173.95
2011-06-02,4239.31
2011-06-03,4268.62
2011-06-04,4275.97
2011-06-05,4275.97
2011-06-06,4268.62
2011-06-07,4275.97
2011-06-08,4312.89
2011-06-09,4357.52
2011-06-10,4372.48
2011-06-11,4486
2011-06-12,4524.35
2011-06-13,4562.97
2011-06-14,4617.48
2011-06-15,4704.2
2011-06-16,4800.27
2011-06-17,4947.32
2011-06-18,5022.19
2011-06-19,5030.56
2011-06-20,5013.82
2011-06-21,4955.6
2011-06-22,4906.12
2011-06-23,4848.89
2011-06-24,4824.53
2011-06-25,4816.43
2011-06-26,4800.27
2011-06-27,4808.35
2011-06-28,4848.89
2011-06-29,4930.81
2011-06-30,5030.56
2011-07-01,5217.63
2011-07-02,5365.97
2011-07-03,5526.69
2011-07-04,5635.96
2011-07-05,5756.28
2011-07-06,5850.23
2011-07-07,5897.66
2011-07-08,5954.98
2011-07-09,5983.81
2011-07-10,6012.75
2011-07-11,6051.51
2011-07-12,6100.24
2011-07-13,6139.45
2011-07-14,6159.13
2011-07-15,6178.86
2011-07-16,6188.75
2011-07-17,6208.56
2011-07-18,6208.56
2011-07-19,6228.41
2011-07-20,6238.36
2011-07-21,6268.28
2011-07-22,6288.29
2011-07-23,6308.35
2011-07-24,6308.35
2011-07-25,6308.35
2011-07-26,6298.32
2011-07-27,6298.32
2011-07-28,6288.29
2011-07-29,6298.32
2011-07-30,6288.29
2011-07-31,6298.32
2011-08-01,6318.4
2011-08-02,6338.54
2011-08-03,6328.47
2011-08-04,6318.4
2011-08-05,6338.54
2011-08-06,6368.85
2011-08-07,6399.27
2011-08-08,6399.27
2011-08-09,6419.61
2011-08-10,6491.23
2011-08-11,6522.11
2011-08-12,6532.43
2011-08-13,6553.12
2011-08-14,6553.12
2011-08-15,6563.48
2011-08-16,6584.24
2011-08-17,6709.91
2011-08-18,6784.1
2011-08-19,6869.69
2011-08-20,6902.01
2011-08-21,6923.62
2011-08-22,6923.62
2011-08-23,6945.29
2011-08-24,6956.15
2011-08-25,6945.29
2011-08-26,6945.29
2011-08-27,6945.29
2011-08-28,6912.81
2011-08-29,6902.01
2011-08-30,6880.45
2011-08-31,6880.45
2011-09-01,6837.49
2011-09-02,6805.42
2011-09-03,6741.63
2011-09-04,6678.31
2011-09-05,6615.48
2011-09-06,6532.43
2011-09-07,6429.8
2011-09-08,6328.47
2011-09-09,6278.28
2011-09-10,6228.41
2011-09-11,6168.99
2011-09-12,6100.24
2011-09-13,6012.75
2011-09-14,5945.4
2011-09-15,5926.27
2011-09-16,5916.72
2011-09-17,5888.15
2011-09-18,5878.65
2011-09-19,5907.18
2011-09-20,5916.72
2011-09-21,5888.15
2011-09-22,5916.72
2011-09-23,5916.72
2011-09-24,5907.18
2011-09-25,5888.15
2011-09-26,5888.15
2011-09-27,5897.66
2011-09-28,5926.27
2011-09-29,5945.4
2011-09-30,5945.4
2011-10-01,5935.83
2011-10-02,5926.27
2011-10-03,5897.66
2011-10-04,5859.69
2011-10-05,5784.34
2011-10-06,5691.24
2011-10-07,5608.48
2011-10-08,5508.65
2011-10-09,5410.24
2011-10-10,5304.49
2011-10-11,5191.8
2011-10-12,5097.96
2011-10-13,4988.8
2011-10-14,4906.12
2011-10-15,4824.53
2011-10-16,4752.04
2011-10-17,4704.2
2011-10-18,4601.86
2011-10-19,4578.5
2011-10-20,4508.98
2011-10-21,4417.61
2011-10-22,4342.6
2011-10-23,4275.97
2011-10-24,4268.62
2011-10-25,4283.34
2011-10-26,4320.3
2011-10-27,4350.06
2011-10-28,4357.52
2011-10-29,4327.73
2011-10-30,4261.28
2011-10-31,4188.41
2011-11-01,4109.41
2011-11-02,3996.63
2011-11-03,3879.53
2011-11-04,3785.17
2011-11-05,3738.69
2011-11-06,3745.3
2011-11-07,3751.92
2011-11-08,3738.69
2011-11-09,3798.54
2011-11-10,3818.66
2011-11-11,3825.38
2011-11-12,3845.62
2011-11-13,3838.86
2011-11-14,3811.94
2011-11-15,3778.5
2011-11-16,3765.19
2011-11-17,3738.69
2011-11-18,3705.76
2011-11-19,3666.56
2011-11-20,3634.15
2011-11-21,3640.61
2011-11-22,3666.56
2011-11-23,3712.33
2011-11-24,3751.92
2011-11-25,3791.85
2011-11-26,3785.17
2011-11-27,3778.5
2011-11-28,3758.55
2011-11-29,3732.08
2011-11-30,3647.09
2011-12-01,3563.65
2011-12-02,3525.65
2011-12-03,3469.27
2011-12-04,3432.09
2011-12-05,3401.35
2011-12-06,3383.01
2011-12-07,3401.35
2011-12-08,3419.77
2011-12-09,3469.27
2011-12-10,3531.96
2011-12-11,3570.01
2011-12-12,3550.95
2011-12-13,3519.35
2011-12-14,3500.51
2011-12-15,3487.99
2011-12-16,3456.84
2011-12-17,3419.77
2011-12-18,3383.01
2011-12-19,3352.62
2011-12-20,3364.75
2011-12-21,3370.83
2011-12-22,3401.35
2011-12-23,3419.77
2011-12-24,3444.45
2011-12-25,3506.78
2011-12-26,3538.28
2011-12-27,3538.28
2011-12-28,3608.38
2011-12-29,3660.06
2011-12-30,3621.25
2011-12-31,3563.65
2012-06-01,4472.46
2012-06-02,4606.46
2012-06-03,4752.3
2012-06-04,4964.37
2012-06-05,5027.62
2012-06-06,5119.07
2012-06-07,5119.07
2012-06-08,5137.52
2012-06-09,5119.07
2012-06-10,5183.87
2012-06-11,5249.31
2012-06-12,5268.12
2012-06-13,5221.18
2012-06-14,5221.18
2012-06-15,5277.55
2012-06-16,5401.34
2012-06-17,5566.68
2012-06-18,5685.77
2012-06-19,5817.05
2012-06-20,5919.66
2012-06-21,6034.18
2012-06-22,6118.56
2012-06-23,6182.45
2012-06-24,6203.87
2012-06-25,6214.6
2012-06-26,6203.87
2012-06-27,6311.83
2012-06-28,6476.54
2012-06-29,6599.48
2012-06-30,6747.14
2012-07-01,6885.75
2012-07-02,7002.97
2012-07-03,7121.77
2012-07-04,7193.8
2012-07-05,7230.04
2012-07-06,7217.94
2012-07-07,7205.86
2012-07-08,7181.76
2012-07-09,7133.73
2012-07-10,7109.82
2012-07-11,7014.78
2012-07-12,6944.17
2012-07-13,6955.9
2012-07-14,6979.4
2012-07-15,7002.97
2012-07-16,7014.78
2012-07-17,7109.82
2012-07-18,7278.57
2012-07-19,7425.73
2012-07-20,7537.63
2012-07-21,7625.58
2012-07-22,7663.53
2012-07-23,7688.9
2012-07-24,7727.09
2012-07-25,7739.86
2012-07-26,7739.86
2012-07-27,7688.9
2012-07-28,7638.21
2012-07-29,7587.79
2012-07-30,7537.63
2012-07-31,7487.73
2012-08-01,7425.73
2012-08-02,7388.72
2012-08-03,7388.72
2012-08-04,7364.13
2012-08-05,7339.6
2012-08-06,7290.75
2012-08-07,7242.15
2012-08-08,7217.94
2012-08-09,7169.73
2012-08-10,7097.88
2012-08-11,7038.45
2012-08-12,6991.18
2012-08-13,7002.97
2012-08-14,6920.76
2012-08-15,6885.75
2012-08-16,6839.3
2012-08-17,6804.63
2012-08-18,6781.59
2012-08-19,6758.61
2012-08-20,6735.69
2012-08-21,6781.59
2012-08-22,6850.89
2012-08-23,6874.12
2012-08-24,6897.41
2012-08-25,6920.76
2012-08-26,6909.07
2012-08-27,6874.12
2012-08-28,6874.12
2012-08-29,6839.3
2012-08-30,6862.5
2012-08-31,6874.12
2012-09-01,6885.75
2012-09-02,6885.75
2012-09-03,6897.41
2012-09-04,6932.45
2012-09-05,6909.07
2012-09-06,6885.75
2012-09-07,6827.73
2012-09-08,6758.61
2012-09-09,6678.67
2012-09-10,6655.97
2012-09-11,6599.48
2012-09-12,6487.65
2012-09-13,6410.26
2012-09-14,6388.28
2012-09-15,6421.27
2012-09-16,6443.33
2012-09-17,6509.89
2012-09-18,6565.77
2012-09-19,6576.99
2012-09-20,6576.99
2012-09-21,6599.48
2012-09-22,6644.64
2012-09-23,6678.67
2012-09-24,6758.61
2012-09-25,6850.89
2012-09-26,6909.07
2012-09-27,6979.4
2012-09-28,7050.3
2012-09-29,7062.17
2012-09-30,7074.06
2012-10-01,7085.96
2012-10-02,7050.3
2012-10-03,7014.78
2012-10-04,6955.9
2012-10-05,7014.78
2012-10-06,7002.97
2012-10-07,6979.4
2012-10-08,6955.9
2012-10-09,6874.12
2012-10-10,6804.63
2012-10-11,6735.69
2012-10-12,6678.67
2012-10-13,6678.67
2012-10-14,6644.64
2012-10-15,6588.23
2012-10-16,6521.04
2012-10-17,6454.39
2012-10-18,6377.31
2012-10-19,6333.6
2012-10-20,6203.87
2012-10-21,6076.25
2012-10-22,5909.34
2012-10-23,5735.98
2012-10-24,5576.52
2012-10-25,5410.96
2012-10-26,5258.71
2012-10-27,5156.02
2012-10-28,4991.4
2012-10-29,4937.46
2012-10-30,4866.26
2012-10-31,4830.97
2012-11-01,4778.41
2012-11-02,4760.99
2012-11-03,4674.64
2012-11-04,4606.46
2012-11-05,4539.07
2012-11-06,4480.74
2012-11-07,4455.93
2012-11-08,4390.29
2012-11-09,4341.56
2012-11-10,4309.31
2012-11-11,4333.48
2012-11-12,4390.29
2012-11-13,4530.7
2012-11-14,4564.25
2012-11-15,4547.45
2012-11-16,4555.84
2012-11-17,4555.84
2012-11-18,4514
2012-11-19,4455.93
2012-11-20,4365.87
2012-11-21,4269.27
2012-11-22,4166.54
2012-11-23,4112.03
2012-11-24,4073.45
2012-11-25,4050.44
2012-11-26,4035.15
2012-11-27,4035.15
2012-11-28,4058.1
2012-11-29,4058.1
2012-11-30,4065.77
2012-12-01,4042.79
2012-12-02,4035.15
2012-12-03,4050.44
2012-12-04,4027.53
2012-12-05,3997.14
2012-12-06,3936.91
2012-12-07,3929.43
2012-12-08,3877.4
2012-12-09,3855.27
2012-12-10,3877.4
2012-12-11,3870.01
2012-12-12,3921.97
2012-12-13,3997.14
2012-12-14,4042.79
2012-12-15,4042.79
2012-12-16,4027.53
2012-12-17,3959.41
2012-12-18,3870.01
2012-12-19,3833.24
2012-12-20,3782.22
2012-12-21,3696
2012-12-22,3611.35
2012-12-23,3548.87
2012-12-24,3555.77
2012-12-25,3576.54
2012-12-26,3639.4
2012-12-27,3639.4
2012-12-28,3681.79
2012-12-29,3703.13
2012-12-30,3731.73
2012-12-31,3738.91
2013-06-01,6183.32
2013-06-02,6022.81
2013-06-03,5876.77
2013-06-04,5799.31
2013-06-05,5755.42
2013-06-06,5777.34
2013-06-07,5865.65
2013-06-08,5932.6
2013-06-09,5988.85
2013-06-10,6022.81
2013-06-11,6034.16
2013-06-12,6068.32
2013-06-13,6102.64
2013-06-14,6171.74
2013-06-15,6148.64
2013-06-16,6102.64
2013-06-17,6011.47
2013-06-18,5887.9
2013-06-19,5810.33
2013-06-20,5766.37
2013-06-21,5777.34
2013-06-22,5799.31
2013-06-23,5899.05
2013-06-24,6045.53
2013-06-25,6206.53
2013-06-26,6382.81
2013-06-27,6478.46
2013-06-28,6442.46
2013-06-29,6430.49
2013-06-30,6442.46
2013-07-01,6466.44
2013-07-02,6478.46
2013-07-03,6550.95
2013-07-04,6599.63
2013-07-05,6673.2
2013-07-06,6772.31
2013-07-07,6860
2013-07-08,6935.88
2013-07-09,7012.44
2013-07-10,7128.54
2013-07-11,7285.73
2013-07-12,7432.25
2013-07-13,7513.15
2013-07-14,7567.48
2013-07-15,7608.44
2013-07-16,7622.13
2013-07-17,7608.44
2013-07-18,7608.44
2013-07-19,7608.44
2013-07-20,7622.13
2013-07-21,7622.13
2013-07-22,7635.84
2013-07-23,7677.09
2013-07-24,7718.52
2013-07-25,7760.12
2013-07-26,7746.23
2013-07-27,7718.52
2013-07-28,7746.23
2013-07-29,7774.03
2013-07-30,7746.23
2013-07-31,7704.69
2013-08-01,7690.88
2013-08-02,7635.84
2013-08-03,7608.44
2013-08-04,7553.87
2013-08-05,7513.15
2013-08-06,7567.48
2013-08-07,7608.44
2013-08-08,7704.69
2013-08-09,7746.23
2013-08-10,7774.03
2013-08-11,7787.96
2013-08-12,7843.88
2013-08-13,7886.02
2013-08-14,7914.22
2013-08-15,7999.3
2013-08-16,7999.3
2013-08-17,7999.3
2013-08-18,7999.3
2013-08-19,7999.3
2013-08-20,8013.56
2013-08-21,8070.76
2013-08-22,8085.12
2013-08-23,8085.12
2013-08-24,8085.12
2013-08-25,8042.12
2013-08-26,7999.3
2013-08-27,8056.43
2013-08-28,8027.83
2013-08-29,7928.35
2013-08-30,7857.91
2013-08-31,7801.91
2013-09-01,7787.96
2013-09-02,7760.12
2013-09-03,7732.37
2013-09-04,7746.23
2013-09-05,7871.95
2013-09-06,7956.67
2013-09-07,8056.43
2013-09-08,8128.3
2013-09-09,8186.16
2013-09-10,8244.36
2013-09-11,8288.22
2013-09-12,8288.22
2013-09-13,8273.58
2013-09-14,8186.16
2013-09-15,8128.3
2013-09-16,8085.12
2013-09-17,7970.86
2013-09-18,7900.11
2013-09-19,7843.88
2013-09-20,7774.03
2013-09-21,7690.88
2013-09-22,7581.12
2013-09-23,7432.25
2013-09-24,7298.95
2013-09-25,7180.63
2013-09-26,6999.63
2013-09-27,6860
2013-09-28,6685.52
2013-09-29,6575.25
2013-09-30,6502.55
2013-10-01,6430.49
2013-10-02,6359.08
2013-10-03,6323.61
2013-10-04,6300.05
2013-10-05,6288.3
2013-10-06,6323.61
2013-10-07,6442.46
2013-10-08,6466.44
2013-10-09,6430.49
2013-10-10,6394.71
2013-10-11,6394.71
2013-10-12,6382.81
2013-10-13,6394.71
2013-10-14,6442.46
2013-10-15,6406.62
2013-10-16,6335.42
2013-10-17,6288.3
2013-10-18,6276.57
2013-10-19,6264.85
2013-10-20,6276.57
2013-10-21,6288.3
2013-10-22,6229.8
2013-10-23,6148.64
2013-10-24,6022.81
2013-10-25,5887.9
2013-10-26,5788.32
2013-10-27,5679.26
2013-10-28,5550.56
2013-10-29,5455.59
2013-10-30,5403.39
2013-10-31,5372.26
2013-11-01,5330.98
2013-11-02,5445.12
2013-11-03,5508.19
2013-11-04,5539.95
2013-11-05,5529.34
2013-11-06,5487.1
2013-11-07,5434.66
2013-11-08,5320.7
2013-11-09,5208.67
2013-11-10,5068.82
2013-11-11,4941.67
2013-11-12,4845.61
2013-11-13,4836.09
2013-11-14,4817.09
2013-11-15,4845.61
2013-11-16,4931.99
2013-11-17,4931.99
2013-11-18,4893.45
2013-11-19,4893.45
2013-11-20,4845.61
2013-11-21,4836.09
2013-11-22,4807.61
2013-11-23,4732.32
2013-11-24,4630.35
2013-11-25,4512.11
2013-11-26,4440.56
2013-11-27,4387.5
2013-11-28,4387.5
2013-11-29,4494.14
2013-11-30,4530.14
2013-12-01,4566.38
2013-12-02,4639.54
2013-12-03,4695.03
2013-12-04,4769.85
2013-12-05,4798.14
2013-12-06,4779.26
2013-12-07,4741.68
2013-12-08,4685.75
2013-12-09,4530.14
2013-12-10,4449.45
2013-12-11,4405.13
2013-12-12,4343.67
2013-12-13,4248.47
2013-12-14,4326.23
2013-12-15,4326.23
2013-12-16,4291.53
2013-12-17,4282.89
2013-12-18,4334.94
2013-12-19,4369.92
2013-12-20,4352.4
2013-12-21,4326.23
2013-12-22,4334.94
2013-12-23,4317.54
2013-12-24,4265.65
2013-12-25,4171.84
2013-12-26,4113
2013-12-27,4046.58
2013-12-28,4079.68
2013-12-29,4096.31
2013-12-30,4163.39
2013-12-31,4222.8
2014-06-01,3891.61
2014-06-02,3904.55
2014-06-03,3865.84
2014-06-04,3789.45
2014-06-05,3702.02
2014-06-06,3652.87
2014-06-07,3592.24
2014-06-08,3580.23
2014-06-09,3628.51
2014-06-10,3827.48
2014-06-11,3982.99
2014-06-12,4157.76
2014-06-13,4254.66
2014-06-14,4439.93
2014-06-15,4527.83
2014-06-16,4617.27
2014-06-17,4647.43
2014-06-18,4677.77
2014-06-19,4738.96
2014-06-20,4926.83
2014-06-21,4926.83
2014-06-22,5023.22
2014-06-23,5204.28
2014-06-24,5477.97
2014-06-25,5673.47
2014-06-26,5893.77
2014-06-27,6044.82
2014-06-28,6238.45
2014-06-29,6397.3
2014-06-30,6478.06
2014-07-01,6704.83
2014-07-02,6852.78
2014-07-03,6874.15
2014-07-04,6938.62
2014-07-05,6960.23
2014-07-06,6917.07
2014-07-07,6874.15
2014-07-08,6746.81
2014-07-09,6831.47
2014-07-10,6960.23
2014-07-11,7224.21
2014-07-12,7336.8
2014-07-13,7520.17
2014-07-14,7660.36
2014-07-15,7802.87
2014-07-16,7826.84
2014-07-17,7755.11
2014-07-18,7660.36
2014-07-19,7589.98
2014-07-20,7473.95
2014-07-21,7359.5
2014-07-22,7269.06
2014-07-23,7179.6
2014-07-24,7113.16
2014-07-25,7025.41
2014-07-26,6960.23
2014-07-27,7047.25
2014-07-28,7113.16
2014-07-29,7224.21
2014-07-30,7179.6
2014-07-31,7157.39
2014-09-01,10030.14
2014-09-02,9970.46
2014-09-03,9764.06
2014-09-04,9590.18
2014-09-05,9504.27
2014-09-06,9250.62
2014-09-07,9030.22
2014-09-08,8921.77
2014-09-09,8814.48
2014-09-10,8603.33
2014-09-11,8473.65
2014-09-12,8295.01
2014-09-13,8169.46
2014-09-14,7972.09
2014-09-15,7778.95
2014-09-16,7589.98
2014-09-17,7359.5
2014-09-18,7157.39
2014-09-19,7025.41
2014-09-20,7179.6
2014-09-21,7224.21
2014-09-22,7269.06
2014-09-23,7497.03
2014-09-24,7707.61
2014-09-25,8021.03
2014-09-26,8219.47
2014-09-27,8681.98
2014-09-28,8841.19
2014-09-29,8841.19
2014-09-30,8787.84
2014-10-01,8629.47
2014-10-02,8525.31
2014-10-03,8396.67
2014-10-04,8219.47
2014-10-05,8021.03
2014-10-06,7826.84
2014-10-07,7613.38
2014-10-08,7427.98
2014-10-09,7224.21
2014-10-10,7025.41
2014-10-11,6917.07
2014-10-12,6874.15
2014-10-13,6663.09
2014-10-14,6377.25
2014-10-15,6083.11
2014-10-16,5746.08
2014-10-17,5391.1
2014-10-18,5088.4
2014-10-19,4769.82
2014-10-20,4602.26
2014-10-21,4483.69
2014-10-22,4367.84
2014-10-23,4296.79
2014-10-24,4310.92
2014-10-25,4282.71
2014-10-26,4310.92
2014-10-27,4240.69
2014-10-28,4076.27
2014-10-29,3943.6
2014-10-30,3904.55
2014-10-31,3726.82
2014-11-01,3652.87
2014-11-02,3568.25
2014-11-03,3497.1
2014-11-04,3532.51
2014-11-05,3568.25
2014-11-06,3652.87
2014-11-07,3739.27
2014-11-08,3904.55
2014-11-09,3930.54
2014-11-10,3814.76
2014-11-11,3616.39
2014-11-12,3473.66
2014-11-13,3358.57
2014-11-14,3268.94
2014-11-15,3002.36
2014-11-16,2881.4
2014-11-17,2851.84
2014-11-18,2871.51
2014-11-19,2981.89
2014-11-20,3074.99
2014-11-21,3170.65
2014-11-22,3235.88
2014-11-23,3335.96
2014-11-24,3381.31
2014-11-25,3347.25
2014-11-26,3302.3
2014-11-27,3246.87
2014-11-28,3159.89
2014-11-29,3033.3
2014-11-30,2911.23
2014-12-01,2832.28
2014-12-02,2774.33
2014-12-03,2842.05
2014-12-04,2921.23
2014-12-05,3022.96
2014-12-06,3074.99
2014-12-07,3064.52
2014-12-08,2941.33
2014-12-09,2941.33
2014-12-10,2871.51
2014-12-11,2812.85
2014-12-12,2708.04
2014-12-13,2634.02
2014-12-14,2615.79
2014-12-15,2588.66
2014-12-16,2561.79
2014-12-17,2508.77
2014-12-18,2491.32
2014-12-19,2526.34
2014-12-20,2579.68
2014-12-21,2736.28
2014-12-22,2803.17
2014-12-23,2881.4
2014-12-24,2921.23
2014-12-25,2941.33
2014-12-26,2871.51
2014-12-27,2708.04
2014-12-28,2606.72
2014-12-29,2579.68
2014-12-30,2517.54
2014-12-31,2561.79
2015-06-01,4913.54
2015-06-02,5005.04
2015-06-03,5086.3
2015-06-04,5216.26
2015-06-05,5288.33
2015-06-06,5336.85
2015-06-07,5410.34
2015-06-08,5435.03
2015-06-09,5522.2
2015-06-10,5674.4
2015-06-11,5869.68
2015-06-12,6057.08
2015-06-13,6376.02
2015-06-14,6562.56
2015-06-15,6843.54
2015-06-16,7010.86
2015-06-17,7072.56
2015-06-18,7150.34
2015-06-19,7181.65
2015-06-20,7244.64
2015-06-21,7324.02
2015-06-22,7339.99
2015-06-23,7388.07
2015-06-24,7244.64
2015-06-25,7276.3
2015-06-26,7276.3
2015-06-27,7244.64
2015-06-28,7165.98
2015-06-29,7134.73
2015-06-30,7103.59
2015-07-01,7088.06
2015-07-02,7072.56
2015-07-03,7010.86
2015-07-04,6980.18
2015-07-05,7026.24
2015-07-06,7088.06
2015-07-07,7197.36
2015-07-08,7244.64
2015-07-09,7324.02
2015-07-10,7308.09
2015-07-11,7292.18
2015-07-12,7197.36
2015-07-13,7103.59
2015-07-14,7010.86
2015-07-15,7072.56
2015-07-16,7150.34
2015-07-17,7228.85
2015-07-18,7244.64
2015-07-19,7339.99
2015-07-20,7355.99
2015-07-21,7372.01
2015-07-22,7339.99
2015-07-23,7292.18
2015-07-24,7213.09
2015-07-25,7213.09
2015-07-26,7165.98
2015-07-27,7119.14
2015-07-28,7103.59
2015-07-29,7103.59
2015-07-30,7072.56
2015-07-31,7103.59
2015-08-01,7088.06
2015-08-02,7260.45
2015-08-03,7197.36
2015-08-04,7134.73
2015-08-05,7088.06
2015-08-06,7072.56
2015-08-07,7010.86
2015-08-08,6888.83
2015-08-09,6783.55
2015-08-10,6679.64
2015-08-11,6591.66
2015-08-12,6519.1
2015-08-13,6504.67
2015-08-14,6562.56
2015-08-15,6577.1
2015-08-16,6504.67
2015-08-17,6504.67
2015-08-18,6577.1
2015-08-19,6650.2
2015-08-20,6903.99
2015-08-21,7150.34
2015-08-22,7388.07
2015-08-23,7665.61
2015-08-24,7900.81
2015-08-25,8089.9
2015-08-26,8142.13
2015-08-27,8194.65
2015-08-28,8300.56
2015-08-29,8389.71
2015-08-30,8443.59
2015-08-31,8588.72
2015-09-01,8904.19
2015-09-02,9132.79
2015-09-03,9268.43
2015-09-04,9287.95
2015-09-05,9287.95
2015-09-06,9287.95
2015-09-07,9287.95
2015-09-08,9268.43
2015-09-09,9229.5
2015-09-10,9152.06
2015-09-11,9056.04
2015-09-12,8941.95
2015-09-13,8810.4
2015-09-14,8698.96
2015-09-15,8607.01
2015-09-16,8534.05
2015-09-17,8407.64
2015-09-18,8247.46
2015-09-19,8055.23
2015-09-20,7900.81
2015-09-21,7816.11
2015-09-22,7715.5
2015-09-23,7550.27
2015-09-24,7533.91
2015-09-25,7533.91
2015-09-26,7550.27
2015-09-27,7550.27
2015-09-28,7501.29
2015-09-29,7485.03
2015-09-30,7485.03
2015-10-01,7420.27
2015-10-02,7372.01
2015-10-03,7260.45
2015-10-04,7088.06
2015-10-05,6919.17
2015-10-06,6798.51
2015-10-07,6577.1
2015-10-08,6432.93
2015-10-09,6319.55
2015-10-10,6097.89
2015-10-11,5976.15
2015-10-12,5949.38
2015-10-13,5843.31
2015-10-14,5738.87
2015-10-15,5636.02
2015-10-16,5572.54
2015-10-17,5472.25
2015-10-18,5324.69
2015-10-19,5156.84
2015-10-20,4993.53
2015-10-21,4712.85
2015-10-22,4572.3
2015-10-23,4456.18
2015-10-24,4435.34
2015-10-25,4445.75
2015-10-26,4477.11
2015-10-27,4582.99
2015-10-28,4615.16
2015-10-29,4669.22
2015-10-30,4582.99
2015-10-31,4529.78
2015-11-01,4424.95
2015-11-02,4393.91
2015-11-03,4181.77
2015-11-04,4026.06
2015-11-05,3931.28
2015-11-06,3866.07
2015-11-07,3810.91
2015-11-08,3792.67
2015-11-09,3810.91
2015-11-10,3893.9
2015-11-11,3931.28
2015-11-12,3987.92
2015-11-13,3978.43
2015-11-14,3978.43
2015-11-15,4026.06
2015-11-16,4026.06
2015-11-17,3959.51
2015-11-18,3912.55
2015-11-19,3774.51
2015-11-20,3658.26
2015-11-21,3605.64
2015-11-22,3667.09
2015-11-23,3738.41
2015-11-24,3783.58
2015-11-25,3931.28
2015-11-26,3903.22
2015-11-27,3997.42
2015-11-28,4016.5
2015-11-29,3774.51
2015-11-30,3783.58
2015-12-01,3675.94
2015-12-02,3623.11
2015-12-03,3649.44
2015-12-04,3510.85
2015-12-05,3468.48
2015-12-06,3476.92
2015-12-07,3493.85
2015-12-08,3562.29
2015-12-09,3579.58
2015-12-10,3649.44
2015-12-11,3702.6
2015-12-12,3765.46
2015-12-13,3774.51
2015-12-14,3720.47
2015-12-15,3649.44
2015-12-16,3596.94
2015-12-17,3553.67
2015-12-18,3476.92
2015-12-19,3409.88
2015-12-20,3393.3
2015-12-21,3401.58
2015-12-22,3434.89
2015-12-23,3451.65
2015-12-24,3485.37
2015-12-25,3536.49
2015-12-26,3536.49
2015-12-27,3527.93
2015-12-28,3536.49
2015-12-29,3519.38
2015-12-30,3401.58
2015-12-31,3426.54
2016-06-01,6318.84
2016-06-02,6257.52
2016-06-03,6237.19
2016-06-04,6237.19
2016-06-05,6318.84
2016-06-06,6380.71
2016-06-07,6401.45
2016-06-08,6548.37
2016-06-09,6443.12
2016-06-10,6401.45
2016-06-11,6237.19
2016-06-12,6076.74
2016-06-13,6037.21
2016-06-14,5881.4
2016-06-15,5785.87
2016-06-16,5804.87
2016-06-17,5823.92
2016-06-18,6056.95
2016-06-19,6277.9
2016-06-20,6401.45
2016-06-21,6318.84
2016-06-22,6401.45
2016-06-23,6548.37
2016-06-24,6719.98
2016-06-25,6962.57
2016-06-26,7075.42
2016-06-27,7447.7
2016-06-28,7713.78
2016-06-29,7837.53
2016-06-30,7837.53
2016-07-01,7837.53
2016-07-02,7862.49
2016-07-03,8064.8
2016-07-04,8116.1
2016-07-05,8193.61
2016-07-06,8350.62
2016-07-07,8483.53
2016-07-08,8591.23
2016-07-09,8782.66
2016-07-10,8810.32
2016-07-11,8810.32
2016-07-12,8810.32
2016-07-13,8645.54
2016-07-14,8537.23
2016-07-15,8324.27
2016-07-16,8537.23
2016-07-17,8564.19
2016-07-18,8591.23
2016-07-19,8838.06
2016-07-20,9119.8
2016-07-21,9380.25
2016-07-22,9798.73
2016-07-23,10202.3
2016-07-24,10329.45
2016-07-25,10490.4
2016-07-26,10852.46
2016-07-27,11122.81
2016-07-28,11329.53
2016-07-29,11504.44
2016-07-30,11575.08
2016-07-31,11610.55
2016-08-01,11646.11
2016-08-02,11681.78
2016-08-03,11789.36
2016-08-04,11681.78
2016-08-05,11575.08
2016-08-06,11399.21
2016-08-07,11157.03
2016-08-08,10953.14
2016-08-09,10653.6
2016-08-10,10393.56
2016-08-11,10076.56
2016-08-12,9798.73
2016-08-13,9468.54
2016-08-14,9205.88
2016-08-15,9034.44
2016-08-16,8865.88
2016-08-17,8782.66
2016-08-18,8838.06
2016-08-19,8977.93
2016-08-20,8949.8
2016-08-21,8727.58
2016-08-22,8727.58
2016-08-23,8510.34
2016-08-24,8324.27
2016-08-25,8064.8
2016-08-26,7862.49
2016-08-27,7591.79
2016-08-28,7495.45
2016-08-29,7282.71
2016-08-30,7213.01
2016-08-31,7213.01
2016-09-01,7329.51
2016-09-02,7400.22
2016-09-03,7543.48
2016-09-04,7763.07
2016-09-05,7812.64
2016-09-06,8013.79
2016-09-07,7937.82
2016-09-08,7862.49
2016-09-09,7713.78
2016-09-10,7640.37
2016-09-11,7616.05
2016-09-12,7616.05
2016-09-13,7713.78
2016-09-14,7937.82
2016-09-15,7963.07
2016-09-16,8013.79
2016-09-17,8090.41
2016-09-18,8141.86
2016-09-19,8141.86
2016-09-20,8193.61
2016-09-21,8219.59
2016-09-22,8039.26
2016-09-23,7837.53
2016-09-24,7738.39
2016-09-25,7519.43
2016-09-26,7376.58
2016-09-27,7259.41
2016-09-28,7121.02
2016-09-29,7189.91
2016-09-30,7259.41
2016-10-01,7236.18
2016-10-02,7282.71
2016-10-03,7306.07
2016-10-04,7236.18
2016-10-05,7236.18
2016-10-06,7189.91
2016-10-07,7075.42
2016-10-08,6985.01
2016-10-09,6698.31
2016-10-10,6464.05
2016-10-11,6318.84
2016-10-12,6464.05
2016-10-13,6401.45
2016-10-14,6422.26
2016-10-15,6527.2
2016-10-16,6590.9
2016-10-17,6676.7
2016-10-18,6895.64
2016-10-19,6895.64
2016-10-20,6873.46
2016-10-21,6633.68
2016-10-22,6464.05
2016-10-23,6116.5
2016-10-24,5691.74
2016-10-25,5525.78
2016-10-26,5311.27
2016-10-27,5328.86
2016-10-28,5276.26
2016-10-29,5276.26
2016-10-30,5241.45
2016-10-31,5104.3
2016-11-01,5053.7
2016-11-02,4953.86
2016-11-03,4823.51
2016-11-04,4759.5
2016-11-05,4480.81
2016-11-06,4526.22
2016-11-07,4587.39
2016-11-08,4450.77
2016-11-09,4332.42
2016-11-10,4245.53
2016-11-11,4259.9
2016-11-12,4391.24
2016-11-13,4465.77
2016-11-14,4556.71
2016-11-15,4495.9
2016-11-16,4450.77
2016-11-17,4406.06
2016-11-18,4332.42
2016-11-19,4245.53
2016-11-20,4160.21
2016-11-21,4021.43
2016-11-22,3900.11
2016-11-23,3617.31
2016-11-24,3692.54
2016-11-25,3679.91
2016-11-26,3692.54
2016-11-27,3705.22
2016-11-28,3782.1
2016-11-29,3795.05
2016-11-30,3756.31
2016-12-01,3692.54
2016-12-02,3717.93
2016-12-03,3667.31
2016-12-04,3567.92
2016-12-05,3459.02
2016-12-06,3376.39
2016-12-07,3284.14
2016-12-08,3284.14
2016-12-09,3261.44
2016-12-10,3329.98
2016-12-11,3388.09
2016-12-12,3519.14
2016-12-13,3629.75
2016-12-14,3705.22
2016-12-15,3769.19
2016-12-16,3730.69
2016-12-17,3604.91
2016-12-18,3555.67
2016-12-19,3353.11
2016-12-20,3306.99
2016-12-21,3194.17
2016-12-22,3117.28
2016-12-23,3084.83
2016-12-24,3020.86
2016-12-25,2989.32
2016-12-26,3084.83
2016-12-27,3161.01
2016-12-28,3161.01
2016-12-29,3139.07
2016-12-30,3216.46
2016-12-31,3272.77
2017-06-01,6765.09
2017-06-02,6779.62
2017-06-03,6779.62
2017-06-04,6882.12
2017-06-05,6926.44
2017-06-06,7000.85
2017-06-07,7015.81
2017-06-08,7106.16
2017-06-09,7243.52
2017-06-10,7320.79
2017-06-11,7445.88
2017-06-12,7717.7
2017-06-13,7848.49
2017-06-14,7815.62
2017-06-15,7848.49
2017-06-16,7832.04
2017-06-17,7881.47
2017-06-18,7931.18
2017-06-19,8132.64
2017-06-20,8286.56
2017-06-21,8373.13
2017-06-22,8530.88
2017-06-23,8655.3
2017-06-24,8727.09
2017-06-25,8817.53
2017-06-26,8908.76
2017-06-27,9000.78
2017-06-28,9000.78
2017-06-29,8908.76
2017-06-30,8835.71
2017-07-01,8673.2
2017-07-02,8655.3
2017-07-03,8655.3
2017-07-04,8655.3
2017-07-05,8763.17
2017-07-06,8835.71
2017-07-07,8963.88
2017-07-08,9037.82
2017-07-09,9112.27
2017-07-10,9224.93
2017-07-11,9338.75
2017-07-12,9473.05
2017-07-13,9550.52
2017-07-14,9628.53
2017-07-15,9707.08
2017-07-16,9726.8
2017-07-17,9746.55
2017-07-18,9707.08
2017-07-19,9608.98
2017-07-20,9589.46
2017-07-21,9589.46
2017-07-22,9569.98
2017-07-23,9453.77
2017-07-24,9453.77
2017-07-25,9550.52
2017-07-26,9589.46
2017-07-27,9569.98
2017-07-28,9434.52
2017-07-29,9338.75
2017-07-30,9149.69
2017-07-31,9000.78
2017-08-01,8890.45
2017-08-02,8799.38
2017-08-03,8763.17
2017-08-04,8763.17
2017-08-05,8781.26
2017-08-06,8781.26
2017-08-07,8763.17
2017-08-08,8799.38
2017-08-09,8817.53
2017-08-10,8835.71
2017-08-11,9000.78
2017-08-12,9434.52
2017-08-13,9707.08
2017-08-14,9986.26
2017-08-15,10189.8
2017-08-16,10459.64
2017-08-17,10607.42
2017-08-18,10756.96
2017-08-19,10843.21
2017-08-20,10930.04
2017-08-21,10973.68
2017-08-22,11017.46
2017-08-23,11061.39
2017-08-24,11083.41
2017-08-25,11061.39
2017-08-26,11039.41
2017-08-27,10908.28
2017-08-28,10864.86
2017-08-29,10778.47
2017-08-30,10649.97
2017-08-31,10501.68
2017-09-01,10355.15
2017-09-02,10230.93
2017-09-03,10107.97
2017-09-04,10067.26
2017-09-05,10046.96
2017-09-06,10006.46
2017-09-07,9986.26
2017-09-08,9966.09
2017-09-09,9865.79
2017-09-10,9845.83
2017-09-11,10026.69
2017-09-12,10128.37
2017-09-13,10006.46
2017-09-14,9986.26
2017-09-15,9925.87
2017-09-16,9806.02
2017-09-17,9707.08
2017-09-18,9511.72
2017-09-19,9396.11
2017-09-20,9376.96
2017-09-21,9338.75
2017-09-22,9338.75
2017-09-23,9300.68
2017-09-24,9224.93
2017-09-25,9112.27
2017-09-26,8637.43
2017-09-27,8478.02
2017-09-28,8425.43
2017-09-29,8495.61
2017-09-30,8460.46
2017-10-01,8390.53
2017-10-02,8303.81
2017-10-03,8286.56
2017-10-04,8252.14
2017-10-05,8217.85
2017-10-06,8200.75
2017-10-07,8252.14
2017-10-08,8252.14
2017-10-09,8252.14
2017-10-10,8234.98
2017-10-11,8132.64
2017-10-12,7931.18
2017-10-13,7782.86
2017-10-14,7509.1
2017-10-15,7274.34
2017-10-16,7258.92
2017-10-17,7243.52
2017-10-18,7274.34
2017-10-19,7367.49
2017-10-20,7461.64
2017-10-21,7717.7
2017-10-22,8338.41
2017-10-23,8217.85
2017-10-24,8098.76
2017-10-25,7981.14
2017-10-26,7782.86
2017-10-27,7620.82
2017-10-28,7445.88
2017-10-29,7336.33
2017-10-30,7136.49
2017-10-31,7030.8
2017-11-01,6956.12
2017-11-02,6985.91
2017-11-03,6985.91
2017-11-04,6941.27
2017-11-05,6926.44
2017-11-06,6794.19
2017-11-07,6692.8
2017-11-08,6536.07
2017-11-09,6313.64
2017-11-10,6137.66
2017-11-11,5900.84
2017-11-12,5696.86
2017-11-13,5572.43
2017-11-14,5535.55
2017-11-15,5597.13
2017-11-16,5523.3
2017-11-17,5597.13
2017-11-18,5684.32
2017-11-19,5634.36
2017-11-20,5547.82
2017-11-21,5318.58
2017-11-22,5247.87
2017-11-23,5166.38
2017-11-24,5063.19
2017-11-25,4917.2
2017-11-26,4928.31
2017-11-27,4895.06
2017-11-28,4840.08
2017-11-29,4917.2
2017-11-30,4984.13
2017-12-01,5063.19
2017-12-02,5247.87
2017-12-03,5283.12
2017-12-04,5294.92
2017-12-05,5318.58
2017-12-06,5271.35
2017-12-07,5224.48
2017-12-08,4995.36
2017-12-09,4884.03
2017-12-10,4895.06
2017-12-11,5108.83
2017-12-12,4961.74
2017-12-13,4939.43
2017-12-14,4950.57
2017-12-15,4884.03
2017-12-16,4851.04
2017-12-17,4917.2
2017-12-18,4895.06
2017-12-19,4961.74
2017-12-20,4895.06
2017-12-21,4862.01
2017-12-22,4829.15
2017-12-23,4807.34
2017-12-24,4688.9
2017-12-25,4646.45
2017-12-26,4531.37
2017-12-27,4368.28
2017-12-28,4428.85
2017-12-29,4490.12
2017-12-30,4593.83
2017-12-31,4552.11
2018-06-01,6161.97
2018-06-02,6191.04
2018-06-03,6234.86
2018-06-04,6161.97
2018-06-05,6147.48
2018-06-06,6161.97
2018-06-07,6118.59
2018-06-08,6147.48
2018-06-09,6089.82
2018-06-10,6075.48
2018-06-11,6104.19
2018-06-12,6382.84
2018-06-13,6625.86
2018-06-14,6797.5
2018-06-15,7053.93
2018-06-16,7335.42
2018-06-17,7335.42
2018-06-18,7268.34
2018-06-19,7285.06
2018-06-20,7268.34
2018-06-21,7318.6
2018-06-22,7522.64
2018-06-23,7437.04
2018-06-24,7454.09
2018-06-25,7591.72
2018-06-26,7661.35
2018-06-27,7837.82
2018-06-28,8017.75
2018-06-29,8090.7
2018-06-30,8035.93
2018-07-01,7999.6
2018-07-02,8035.93
2018-07-03,8127.39
2018-07-04,8201.2
2018-07-05,8369.37
2018-07-06,8521.32
2018-07-07,8636.83
2018-07-08,8773.28
2018-07-09,8871.87
2018-07-10,8971.41
2018-07-11,9031.59
2018-07-12,9031.59
2018-07-13,9051.72
2018-07-14,9071.9
2018-07-15,9173.35
2018-07-16,9234.69
2018-07-17,9255.21
2018-07-18,9152.98
2018-07-19,8971.41
2018-07-20,8734.11
2018-07-21,8636.83
2018-07-22,8521.32
2018-07-23,8369.37
2018-07-24,8256.93
2018-07-25,8109.03
2018-07-26,8127.39
2018-07-27,8164.23
2018-07-28,8275.58
2018-07-29,8294.27
2018-07-30,8331.75
2018-07-31,8369.37
2018-08-01,8464.07
2018-08-02,8464.07
2018-08-03,8502.2
2018-08-04,8559.68
2018-08-05,8578.91
2018-08-06,8578.91
2018-08-07,8636.83
2018-08-08,8714.58
2018-08-09,8695.08
2018-08-10,8734.11
2018-08-11,8753.67
2018-08-12,8852.08
2018-08-13,8971.41
2018-08-14,9011.49
2018-08-15,9071.9
2018-08-16,9031.59
2018-08-17,8911.57
2018-08-18,8773.28
2018-08-19,8714.58
2018-08-20,8578.91
2018-08-21,8540.48
2018-08-22,8350.54
2018-08-23,8238.32
2018-08-24,8145.79
2018-08-25,8109.03
2018-08-26,8145.79
2018-08-27,8182.7
2018-08-28,8294.27
2018-08-29,8350.54
2018-08-30,8312.99
2018-08-31,8294.27
2018-09-01,8275.58
2018-09-02,8256.93
2018-09-03,8164.23
2018-09-04,8090.7
2018-09-05,8072.41
2018-09-06,8072.41
2018-09-07,8238.32
2018-09-08,8294.27
2018-09-09,8312.99
2018-09-10,8312.99
2018-09-11,8426.08
2018-09-12,8540.48
2018-09-13,8540.48
2018-09-14,8617.49
2018-09-15,8656.21
2018-09-16,8656.21
2018-09-17,8598.18
2018-09-18,8540.48
2018-09-19,8483.11
2018-09-20,8464.07
2018-09-21,8578.91
2018-09-22,8578.91
2018-09-23,8464.07
2018-09-24,8256.93
2018-09-25,8127.39
2018-09-26,7999.6
2018-09-27,7891.43
2018-09-28,7731.53
2018-09-29,7591.72
2018-09-30,7437.04
2018-10-01,7251.65
2018-10-02,6989.06
2018-10-03,6734.65
2018-10-04,6518.58
2018-10-05,6323.29
2018-10-06,6264.22
2018-10-07,6205.62
2018-10-08,6234.86
2018-10-09,6382.84
2018-10-10,6473.06
2018-10-11,6595.06
2018-10-12,6656.79
2018-10-13,6564.38
2018-10-14,6427.82
2018-10-15,6089.82
2018-10-16,5698.98
2018-10-17,5485.43
2018-10-18,5266.08
2018-10-19,5177.97
2018-10-20,5381.25
2018-10-21,5368.35
2018-10-22,5446.16
2018-10-23,5524.94
2018-10-24,5618.08
2018-10-25,5644.94
2018-10-26,5644.94
2018-10-27,5618.08
2018-10-28,5578
2018-10-29,5459.23
2018-10-30,5446.16
2018-10-31,5381.25
2018-11-01,5228.16
2018-11-02,5190.48
2018-11-03,5029.85
2018-11-04,5115.8
2018-11-05,5177.97
2018-11-06,5240.78
2018-11-07,5228.16
2018-11-08,5240.78
2018-11-09,5177.97
2018-11-10,5153.02
2018-11-11,5128.18
2018-11-12,4945.13
2018-11-13,4909.2
2018-11-14,4873.49
2018-11-15,4838.01
2018-11-16,4709.78
2018-11-17,4652.46
2018-11-18,4607.04
2018-11-19,4607.04
2018-11-20,4652.46
2018-11-21,4744.46
2018-11-22,4861.64
2018-11-23,4921.15
2018-11-24,5042.05
2018-11-25,5054.28
2018-11-26,5066.53
2018-11-27,5066.53
2018-11-28,4981.29
2018-11-29,4838.01
2018-11-30,4721.31
2018-12-01,4607.04
2018-12-02,4539.62
2018-12-03,4562
2018-12-04,4562
2018-12-05,4573.22
2018-12-06,4607.04
2018-12-07,4629.7
2018-12-08,4607.04
2018-12-09,4607.04
2018-12-10,4517.33
2018-12-11,4451.04
2018-12-12,4440.07
2018-12-13,4363.94
2018-12-14,4310.25
2018-12-15,4204.56
2018-12-16,4194.11
2018-12-17,4040.06
2018-12-18,4029.97
2018-12-19,4121.61
2018-12-20,4183.69
2018-12-21,4225.51
2018-12-22,4407.3
2018-12-23,4462.03
2018-12-24,4595.74
2018-12-25,4629.7
2018-12-26,4573.22
2018-12-27,4462.03
2018-12-28,4440.07
2018-12-29,4288.93
2018-12-30,4257.12
2018-12-31,4121.61
2019-06-01,3078.38
2019-06-02,3229.35
2019-06-03,3355.01
2019-06-04,3849.43
2019-06-05,4092.21
2019-06-06,4034.96
2019-06-07,4053.96
2019-06-08,3904.24
2019-06-09,3904.24
2019-06-10,3671.8
2019-06-11,3585.86
2019-06-12,3485.18
2019-06-13,3452.21
2019-06-14,3535.19
2019-06-15,3620.01
2019-06-16,3831.31
2019-06-17,3978.45
2019-06-18,4073.05
2019-06-19,4150.22
2019-06-20,4169.72
2019-06-21,4208.98
2019-06-22,4389.91
2019-06-23,4410.45
2019-06-24,4268.51
2019-06-25,4228.74
2019-06-26,4169.72
2019-06-27,4169.72
2019-06-28,4472.6
2019-06-29,4663.97
2019-06-30,4999.8
2019-07-01,5507.61
2019-07-02,6174.16
2019-07-03,6549.51
2019-07-04,6490.42
2019-07-05,6230.58
2019-07-06,6431.83
2019-07-07,6402.72
2019-07-08,6344.86
2019-07-09,6287.48
2019-07-10,6287.48
2019-07-11,6549.51
2019-07-12,7040.41
2019-07-13,7701.84
2019-07-14,8724.65
2019-07-15,9614.83
2019-07-16,10135.05
2019-07-17,10496.18
2019-07-18,10774.8
2019-07-19,11012.19
2019-07-20,11156.93
2019-07-21,11156.93
2019-07-22,11156.93
2019-07-23,11012.19
2019-07-24,11108.49
2019-07-25,11205.57
2019-07-26,11156.93
2019-07-27,11060.24
2019-07-28,10916.66
2019-07-29,10916.66
2019-07-30,10774.8
2019-07-31,10588.31
2019-08-01,10450.4
2019-08-02,10359.39
2019-08-03,10359.39
2019-08-04,10224.24
2019-08-05,10046.58
2019-08-06,9785.43
2019-08-07,9657.22
2019-08-08,9657.22
2019-08-09,9281.85
2019-08-10,8647.63
2019-08-11,8235.1
2019-08-12,7875.94
2019-08-13,7599.1
2019-08-14,7736.38
2019-08-15,7771.05
2019-08-16,7701.84
2019-08-17,7771.05
2019-08-18,7771.05
2019-08-19,7701.84
2019-08-20,7497.62
2019-08-21,7168.34
2019-08-22,6852.47
2019-08-23,6699.41
2019-08-24,6579.24
2019-08-25,6431.83
2019-08-26,6287.48
2019-08-27,6174.16
2019-08-28,6062.73
2019-08-29,6202.31
2019-08-30,6202.31
2019-08-31,6258.97
2019-09-01,6287.48
2019-09-02,6316.11
2019-09-03,6373.73
2019-09-04,6344.86
2019-09-05,6174.16
2019-09-06,6007.72
2019-09-07,5687.2
2019-09-08,5558.38
2019-09-09,5140.28
2019-09-10,4953.77
2019-09-11,4885.45
2019-09-12,5069.59
2019-09-13,5093.05
2019-09-14,5284.41
2019-09-15,5284.41
2019-09-16,5382.56
2019-09-17,5583.93
2019-09-18,5687.2
2019-09-19,5899.07
2019-09-20,5980.38
2019-09-21,5872.19
2019-09-22,5872.19
2019-09-23,5765.81
2019-09-24,5953.16
2019-09-25,6062.73
2019-09-26,6062.73
2019-09-27,6202.31
2019-09-28,6287.48
2019-09-29,6609.09
2019-09-30,6790.86
2019-10-01,7104.11
2019-10-02,7265.69
2019-10-03,7233.11
2019-10-04,6977.24
2019-10-05,6729.77
2019-10-06,6579.24
2019-10-07,6230.58
2019-10-08,6090.41
2019-10-09,6007.72
2019-10-10,5953.16
2019-10-11,5926.06
2019-10-12,5872.19
2019-10-13,5583.93
2019-10-14,5432.26
2019-10-15,5211.88
2019-10-16,5093.05
2019-10-17,4885.45
2019-10-18,4556.74
2019-10-19,4389.91
2019-10-20,4130.8
2019-10-21,3831.31
2019-10-22,3552.01
2019-10-23,3435.83
2019-10-24,3323.18
2019-10-25,3323.18
2019-10-26,3568.9
2019-10-27,3706.71
2019-10-28,3741.92
2019-10-29,3831.31
2019-10-30,3813.28
2019-10-31,3813.28
2019-11-01,3620.01
2019-11-02,3468.66
2019-11-03,3213.95
2019-11-04,3078.38
2019-11-05,2962.34
2019-11-06,2864.13
2019-11-07,2795.83
2019-11-08,2891.88
2019-11-09,3122.97
2019-11-10,3518.45
2019-11-11,3741.92
2019-11-12,3518.45
2019-11-13,3275.95
2019-11-14,3183.35
2019-11-15,3183.35
2019-11-16,3019.84
2019-11-17,2822.97
2019-11-18,2755.58
2019-11-19,2574.72
2019-11-20,2428.5
2019-11-21,2267.62
2019-11-22,2289.98
2019-11-23,2335.32
2019-11-24,2416.66
2019-11-25,2488.46
2019-11-26,2587.26
2019-11-27,2476.36
2019-11-28,2612.52
2019-11-29,2488.46
2019-11-30,2428.5
2019-12-01,2278.78
2019-12-02,2158.8
2019-12-03,1994.69
2019-12-04,1860.63
2019-12-05,1770.03
2019-12-06,1761.19
2019-12-07,1833.01
2019-12-08,1936.18
2019-12-09,1955.5
2019-12-10,2024.55
2019-12-11,2054.83
2019-12-12,2137.63
2019-12-13,2137.63
2019-12-14,2180.17
2019-12-15,2127.11
2019-12-16,1984.82
2019-12-17,1879.26
2019-12-18,1752.4
2019-12-19,1625.3
2019-12-20,1617.14
2019-12-21,1568.95
2019-12-22,1633.5
2019-12-23,1641.74
2019-12-24,1691.99
2019-12-25,1787.81
2019-12-26,1787.81
2019-12-27,1814.8
2019-12-28,1796.77
2019-12-29,1743.65
2019-12-30,1726.27
2019-12-31,1691.99
2020-06-01,5865.61
2020-06-02,5930.71
2020-06-03,6040.67
2020-06-04,6197.71
2020-06-05,6312.13
2020-06-06,6475.52
2020-06-07,6570.6
2020-06-08,6499.18
2020-06-09,6546.71
2020-06-10,6691.22
2020-06-11,6789.16
2020-06-12,6863.46
2020-06-13,7065.2
2020-06-14,7193.99
2020-06-15,7116.47
2020-06-16,7090.79
2020-06-17,7039.69
2020-06-18,7324.91
2020-06-19,7484.85
2020-06-20,7786.3
2020-06-21,7842.27
2020-06-22,8098.68
2020-06-23,8185.82
2020-06-24,8244.38
2020-06-25,8244.38
2020-06-26,8332.93
2020-06-27,8392.45
2020-06-28,8757.67
2020-06-29,9137.21
2020-06-30,9768.63
2020-07-01,10223.12
2020-07-02,10622.52
2020-07-03,11074.28
2020-07-04,11345.76
2020-07-05,11623.24
2020-07-06,11825.19
2020-07-07,11865.95
2020-07-08,11825.19
2020-07-09,11583.23
2020-07-10,11424.42
2020-07-11,11543.34
2020-07-12,11989.02
2020-07-13,12450.2
2020-07-14,12708.45
2020-07-15,12971.54
2020-07-16,13104.93
2020-07-17,13194.54
2020-07-18,13194.54
2020-07-19,13194.54
2020-07-20,13558.55
2020-07-21,13884.48
2020-07-22,14459.73
2020-07-23,14855.12
2020-07-24,15158.04
2020-07-25,15311.59
2020-07-26,15209.07
2020-07-27,15158.04
2020-07-28,15107.17
2020-07-29,14905.22
2020-07-30,14755.36
2020-07-31,14656.22
2020-08-01,14459.73
2020-08-02,14362.38
2020-08-03,14169.46
2020-08-04,13884.48
2020-08-05,13837.48
2020-08-06,13931.61
2020-08-07,13558.55
2020-08-08,13194.54
2020-08-09,12839.39
2020-08-10,12578.73
2020-08-11,12238.62
2020-08-12,12030.3
2020-08-13,11463.94
2020-08-14,11306.61
2020-08-15,11267.59
2020-08-16,11228.68
2020-08-17,11306.61
2020-08-18,11424.42
2020-08-19,11424.42
2020-08-20,11543.34
2020-08-21,11543.34
2020-08-22,11703.64
2020-08-23,11424.42
2020-08-24,11228.68
2020-08-25,11035.98
2020-08-26,10771.22
2020-08-27,10439.26
2020-08-28,10081.28
2020-08-29,9768.63
2020-08-30,9498.11
2020-08-31,9365.41
2020-09-01,9398.43
2020-09-02,9365.41
2020-09-03,9464.78
2020-09-04,9365.41
2020-09-05,9299.69
2020-09-06,9105.02
2020-09-07,8695.82
2020-09-08,8512.63
2020-09-09,8573.3
2020-09-10,8542.92
2020-09-11,8362.64
2020-09-12,8303.32
2020-09-13,8185.82
2020-09-14,8185.82
2020-09-15,8362.64
2020-09-16,8392.45
2020-09-17,8757.67
2020-09-18,9072.94
2020-09-19,9431.55
2020-09-20,9734.44
2020-09-21,9802.93
2020-09-22,10116.57
2020-09-23,9941.23
2020-09-24,9802.93
2020-09-25,9598.75
2020-09-26,9871.86
2020-09-27,10151.98
2020-09-28,10366.76
2020-09-29,10585.64
2020-09-30,10659.52
2020-10-01,10696.64
2020-10-02,10846.27
2020-10-03,10997.8
2020-10-04,10921.8
2020-10-05,10808.69
2020-10-06,10622.52
2020-10-07,10439.26
2020-10-08,10187.49
2020-10-09,9871.86
2020-10-10,9531.55
2020-10-11,9201.89
2020-10-12,8851.19
2020-10-13,8573.3
2020-10-14,8332.93
2020-10-15,8332.93
2020-10-16,8303.32
2020-10-17,8215.05
2020-10-18,8098.68
2020-10-19,7926.91
2020-10-20,7620.54
2020-10-21,7377.88
2020-10-22,7142.22
2020-10-23,7404.49
2020-10-24,7484.85
2020-10-25,6863.46
2020-10-26,6499.18
2020-10-27,6266.13
2020-10-28,6062.88
2020-10-29,5996.47
2020-10-30,5952.56
2020-10-31,6018.53
2021-01-01,681.63
2021-01-02,714.75
2021-01-03,721.56
2021-01-04,681.63
2021-01-05,681.63
2021-01-06,662.46
2021-01-07,643.82
2021-01-08,596.54
2021-01-09,579.69
2021-01-10,608.04
2021-01-11,649.98
2021-01-12,708.01
2021-01-13,771.01
2021-01-14,742.37
2021-01-15,735.37
2021-01-16,708.01
2021-01-17,656.19
2021-01-18,613.87
2021-01-19,563.3
2021-01-20,542.13
2021-01-21,506.92
2021-01-22,473.92
2021-01-23,379.41
2021-01-24,447.28
2021-01-25,464.87
2021-01-26,447.28
2021-01-27,483.13
2021-01-28,516.75
2021-01-29,563.3
2021-01-30,585.26
2021-01-31,625.68
2021-02-01,613.87
2021-02-02,619.75
2021-02-03,585.26
2021-02-04,552.62
2021-02-05,563.3
2021-02-06,511.81
2021-02-07,585.26
2021-02-08,460.42
2021-02-09,456
2021-02-10,469.37
2021-02-11,526.76
2021-02-12,478.5
2021-02-13,542.13
2021-02-14,536.96
2021-02-15,547.35
2021-02-16,511.81
2021-02-17,516.75
2021-02-18,497.27
2021-02-19,438.73
2021-02-20,422.09
2021-02-21,386.85
2021-02-22,347.62
2021-02-23,386.85
2021-02-24,414
2021-02-25,506.92
2021-02-26,516.75
2021-02-27,608.04
2021-02-28,574.18
2021-03-01,631.67
2021-03-02,608.04
2021-03-03,721.56
2021-03-04,643.82
2021-03-05,643.82
2021-03-06,596.54
2021-03-07,552.62
2021-03-08,460.42
2021-03-09,447.28
2021-03-10,478.5
2021-03-11,447.28
2021-03-12,552.62
2021-03-13,547.35
2021-03-14,516.75
2021-03-15,469.37
2021-03-16,478.5
2021-03-17,492.51
2021-03-18,460.42
2021-03-19,422.09
2021-03-20,418.03
2021-03-21,402.15
2021-03-22,361.42
2021-03-23,347.62
2021-03-24,347.62
2021-03-25,379.41
2021-03-26,375.75
2021-03-27,434.51
2021-03-28,473.92
2021-03-29,557.93
2021-03-30,662.46
2021-03-31,808.3
2021-04-01,1003.42
2021-04-02,888.17
2021-04-03,728.43
2021-04-04,608.04
2021-04-05,460.42
2021-04-06,442.99
2021-04-07,478.5
2021-04-08,526.76
2021-04-09,568.71
2021-04-10,568.71
2021-04-11,557.93
2021-04-12,596.54
2021-04-13,619.75
2021-04-14,668.79
2021-04-15,721.56
2021-04-16,756.56
2021-04-17,668.79
2021-04-18,596.54
2021-04-19,590.87
2021-04-20,542.13
2021-04-21,547.35
2021-04-22,526.76
2021-04-23,506.92
2021-04-24,568.71
2021-04-25,625.68
2021-04-26,688.13
2021-04-27,871.61
2021-04-28,913.58
2021-04-29,930.9
2021-04-30,930.9
2021-05-01,863.44
2021-05-02,808.3
2021-05-03,735.37
2021-05-04,619.75
2021-05-05,536.96
2021-05-06,547.35
2021-05-07,552.62
2021-05-08,531.84
2021-05-09,552.62
2021-05-10,608.04
2021-05-11,694.7
2021-05-12,749.43
2021-05-13,800.71
2021-05-14,778.33
2021-05-15,793.18
2021-05-16,728.43
2021-05-17,735.37
2021-05-18,728.43
2021-05-19,763.75
2021-05-20,793.18
2021-05-21,815.97
2021-05-22,863.44
2021-05-23,905.03
2021-05-24,1209.29
2021-05-25,1610.83
2021-05-26,2364.04
2021-05-27,2732.13
2021-05-28,2756.88
2021-05-29,2407.3
2021-05-30,2006.99
2021-05-31,1935.01
2021-06-01,1848.53
2021-06-02,1765.77
2021-06-03,1610.83
2021-06-04,1581.46
2021-06-05,1610.83
2021-06-06,1625.72
2021-06-07,1717.85
2021-06-08,1831.69
2021-06-09,1848.53
2021-06-10,1935.01
2021-06-11,2342.7
2021-06-12,2659.15
2021-06-13,2989.57
2021-06-14,3155.07
2021-06-15,3299.7
2021-06-16,3270.27
2021-06-17,2936.28
2021-06-18,2989.57
2021-06-19,3183.5
2021-06-20,2683.27
2021-06-21,2611.55
2021-06-22,2781.85
2021-06-23,2936.28
2021-06-24,3270.27
2021-06-25,3512.94
2021-06-26,3673.32
2021-06-27,3739.42
2021-06-28,3640.69
2021-06-29,3481.69
2021-06-30,3772.9
2021-07-01,4087.49
2021-07-02,4668.68
2021-07-03,4922.77
2021-07-04,5010.39
2021-07-05,5471.47
2021-07-06,5767.45
2021-07-07,6295.3
2021-07-08,6990.24
2021-07-09,7429.13
2021-07-10,7826.32
2021-07-11,8102.4
2021-07-12,8172.86
2021-07-13,7963.21
2021-07-14,8172.86
2021-07-15,8460.68
2021-07-16,8460.68
2021-07-17,7963.21
2021-07-18,7559.32
2021-07-19,7559.32
2021-07-20,7493.95
2021-07-21,7429.13
2021-07-22,8032.51
2021-07-23,8682.93
2021-07-24,8682.93
2021-07-25,8682.93
2021-07-26,8534.15
2021-07-27,8315.58
2021-07-28,7559.32
2021-07-29,7625.24
2021-07-30,7493.95
2021-07-31,6929.62
2021-08-01,6350.57
2021-08-02,5921.16
2021-08-03,5617.59
2021-08-04,5617.59
2021-08-05,5423.59
2021-08-06,5471.47
2021-08-07,5869.49
2021-08-08,6576.37
2021-08-09,7051.38
2021-08-10,7301.1
2021-08-11,7625.24
2021-08-12,8102.4
2021-08-13,8758.25
2021-08-14,9223.56
2021-08-15,9546.9
2021-08-16,10314.78
2021-08-17,10314.78
2021-08-18,10952.79
2021-08-19,11237.7
2021-08-20,11628.7
2021-08-21,11829.07
2021-08-22,11628.7
2021-08-23,12556.9
2021-08-24,13214.9
2021-08-25,14264.51
2021-08-26,14508.42
2021-08-27,14508.42
2021-08-28,14508.42
2021-08-29,14631.88
2021-08-30,14508.42
2021-08-31,14144.03
2021-09-01,14024.54
2021-09-02,13788.47
2021-09-03,13214.9
2021-09-04,13327.74
2021-09-05,13102.97
2021-09-06,13788.47
2021-09-07,15135.89
2021-09-08,14508.42
2021-09-09,14264.51
2021-09-10,12772.65
2021-09-11,13102.97
2021-09-12,12556.9
2021-09-13,12239.85
2021-09-14,10583.71
2021-09-15,9383.89
2021-09-16,8172.86
2021-09-17,7175.19
2021-09-18,6809.89
2021-09-19,6406.31
2021-09-20,6350.57
2021-09-21,6240.49
2021-09-22,6132.25
2021-09-23,5717.07
2021-09-24,5190.15
2021-09-25,4922.77
2021-09-26,4586.83
2021-09-27,4123.96
2021-09-28,3909.72
2021-09-29,3739.42
2021-09-30,3155.07
2021-10-01,2883.91
2021-10-02,2496.1
2021-10-03,2451.31
2021-10-04,2707.59
2021-10-05,3183.5
2021-10-06,3359.32
2021-10-07,3576.27
2021-10-08,3512.94
2021-10-09,3739.42
2021-10-10,3640.69
2021-10-11,3270.27
2021-10-12,3016.56
2021-10-13,2756.88
2021-10-14,2429.21
2021-10-15,2300.56
2021-10-16,2218.47
2021-10-17,2139.2
2021-10-18,2635.25
2021-10-19,2909.98
2021-10-20,2807.03
2021-10-21,2936.28
2021-10-22,2732.13
2021-10-23,2518.79
2021-10-24,2473.61
2021-10-25,2564.77
2021-10-26,2407.3
2021-10-27,2321.54
2021-10-28,2081.54
2021-10-29,2025.38
2021-10-30,1865.52
2021-10-31,1765.77
2021-11-01,1717.85
2021-11-02,1733.68
2021-11-03,2025.38
2021-11-04,2062.66
2021-11-05,2062.66
2021-11-06,2100.59
2021-11-07,1988.76
2021-11-08,1882.67
2021-11-09,1749.66
2021-11-10,1596.08
2021-11-11,1415.73
2021-11-12,1640.73
2021-11-13,1455.52
2021-11-14,1402.7
2021-11-15,1428.88
2021-11-16,1482.64
2021-11-17,1402.7
2021-11-18,1442.14
2021-11-19,1455.52
2021-11-20,1552.59
2021-11-21,1524.24
2021-11-22,1442.14
2021-11-23,1376.99
2021-11-24,1266.79
2021-11-25,1143.6
2021-11-26,1061.34
2021-11-27,1081.36
2021-11-28,984.8
2021-11-29,957.48
2021-11-30,930.9
2021-12-01,1012.86
2021-12-02,1133
2021-12-03,1209.29
2021-12-04,1209.29
2021-12-05,1442.14
2021-12-06,1581.46
2021-12-07,1702.15
2021-12-08,1655.88
2021-12-09,1376.99
2021-12-10,1154.31
2021-12-11,966.51
2021-12-12,855.35
2021-12-13,793.18
2021-12-14,839.38
2021-12-15,815.97
2021-12-16,847.33
2021-12-17,847.33
2021-12-18,879.85
2021-12-19,863.44
2021-12-20,763.75
2021-12-21,763.75
2021-12-22,855.35
2021-12-23,847.33
2021-12-24,839.38
2021-12-25,785.72
2021-12-26,728.43
2021-12-27,688.13
2021-12-28,643.82
2021-12-29,596.54
2021-12-30,631.67
2021-12-31,625.68
